"Type","Start","End","Duration","Start Condition","Start Location","End Condition","Notes"
"Diaper","2026-02-16 13:42",,,,,"Pee",
"Feed","2026-02-16 12:36",,,"Breast Milk","Bottle","4oz",
"Sleep","2026-02-16 12:02","2026-02-16 12:30","00:28",,,,
"Sleep","2026-02-16 11:47","2026-02-16 11:58","00:11",,,,
"Diaper","2026-02-16 11:36",,,,,"Pee",
"Pump","2026-02-16 10:55",,,"0ml",,,
"Diaper","2026-02-16 10:47",,,,,"Pee",
"Feed","2026-02-16 10:27",,,"Breast Milk","Bottle","4oz",
"Tummy time","2026-02-16 10:23","2026-02-16 10:25","00:02",,,,
"Sleep","2026-02-16 09:42","2026-02-16 10:14","00:31",,,,
"Sleep","2026-02-16 09:03","2026-02-16 09:26","00:23",,,,
"Pump","2026-02-16 08:40",,,"0ml",,,
"Diaper","2026-02-16 08:34",,,,,"Poo",
"Feed","2026-02-16 08:00",,,"Breast Milk","Bottle","4oz",
"Diaper","2026-02-16 07:57",,,,,"Pee",
"Sleep","2026-02-16 04:25","2026-02-16 07:49","03:24",,,,
"Diaper","2026-02-16 03:45",,,,,"Poo",
"Pump","2026-02-16 02:58",,,"0ml",,,
"Feed","2026-02-16 02:57",,,"Formula","Bottle","4oz",
"Diaper","2026-02-16 02:54",,,,,"Pee",
"Pump","2026-02-15 21:06",,,"0ml",,,
"Sleep","2026-02-15 21:00","2026-02-16 02:51","05:50",,,,
"Feed","2026-02-15 20:33",,,"Formula","Bottle","4oz",
"Bath","2026-02-15 20:25",,,,,,
"Diaper","2026-02-15 20:20",,,,,"Pee",
"Diaper","2026-02-15 19:20",,,,,"Poo",
"Feed","2026-02-15 18:18",,,"Breast Milk","Bottle","4oz",
"Pump","2026-02-15 18:05",,,"0ml",,,
"Diaper","2026-02-15 18:03",,,,,"Pee",
"Sleep","2026-02-15 16:07","2026-02-15 17:56","01:49",,,,
"Feed","2026-02-15 15:52",,,"Breast Milk","Bottle","4oz",
"Diaper","2026-02-15 15:50",,,,,"Pee",
"Sleep","2026-02-15 14:23","2026-02-15 15:45","01:21",,,,
"Sleep","2026-02-15 13:55","2026-02-15 14:11","00:16",,,,
"Pump","2026-02-15 13:28",,,"0ml",,,
"Feed","2026-02-15 13:15",,,"Breast Milk","Bottle","4oz",
"Sleep","2026-02-15 12:21","2026-02-15 13:11","00:50",,,,
"Diaper","2026-02-15 12:12",,,,,"Pee",
"Sleep","2026-02-15 11:50","2026-02-15 11:56","00:06",,,,
"Diaper","2026-02-15 11:17",,,,,"Both, poo:small",
"Feed","2026-02-15 10:19",,,"Breast Milk","Bottle","4oz",
"Diaper","2026-02-15 10:15",,,,,"Pee",
"Pump","2026-02-15 10:06",,,"0ml",,,
"Sleep","2026-02-15 09:00","2026-02-15 10:13","01:13",,,,
"Feed","2026-02-15 07:36",,,"Breast Milk","Bottle","4oz",
"Pump","2026-02-15 07:29",,,"0ml",,,
"Diaper","2026-02-15 07:26",,,,,"Pee",
"Sleep","2026-02-15 04:47","2026-02-15 07:19","02:31",,,,
"Diaper","2026-02-15 04:18",,,,,"Poo",
"Diaper","2026-02-15 04:00",,,,,"Pee",
"Feed","2026-02-15 04:00",,,"Breast Milk","Bottle","4oz",
"Pump","2026-02-15 02:20",,,"0ml",,,
"Sleep","2026-02-15 00:15","2026-02-15 03:56","03:41",,,,
"Diaper","2026-02-14 23:35",,,,,"Pee",
"Feed","2026-02-14 23:35",,,"Formula","Bottle","4oz",
"Sleep","2026-02-14 21:02","2026-02-14 23:32","02:29",,,,
"Pump","2026-02-14 20:39",,,"0ml",,,
"Feed","2026-02-14 20:05",,,"Formula","Bottle","4oz",
"Diaper","2026-02-14 20:04",,,,,"Pee",
"Tummy time","2026-02-14 19:16","2026-02-14 19:18","00:02",,,,
"Diaper","2026-02-14 19:08",,,,,"Poo",
"Diaper","2026-02-14 19:00",,,,,"Pee",
"Sleep","2026-02-14 17:50","2026-02-14 18:37","00:47",,,,
"Pump","2026-02-14 17:27",,,"0ml",,,
"Feed","2026-02-14 17:25",,,"Breast Milk","Bottle","4.3oz",
"Diaper","2026-02-14 17:23",,,,,"Pee",
"Sleep","2026-02-14 15:54","2026-02-14 17:21","01:26",,,,
"Sleep","2026-02-14 15:05","2026-02-14 15:19","00:14",,,,
"Feed","2026-02-14 14:41",,,"Breast Milk","Bottle","4oz",
"Diaper","2026-02-14 14:34",,,,,"Pee",
"Pump","2026-02-14 13:45",,,"0ml",,,
"Sleep","2026-02-14 12:55","2026-02-14 14:31","01:36",,,,"transferred at 1:58PM"
"Tummy time","2026-02-14 12:38","2026-02-14 12:40","00:02",,,,
"Diaper","2026-02-14 11:57",,,,,"Poo",
"Feed","2026-02-14 11:41",,,"Breast Milk","Bottle","4oz",
"Tummy time","2026-02-14 11:36","2026-02-14 11:38","00:01",,,,
"Sleep","2026-02-14 10:58","2026-02-14 11:35","00:36",,,,
"Pump","2026-02-14 10:02",,,"0ml",,,
"Feed","2026-02-14 09:24",,,"Breast Milk","Bottle","4oz",
"Diaper","2026-02-14 09:05",,,,,"Pee",
"Sleep","2026-02-14 08:06","2026-02-14 08:56","00:49",,,,
"Diaper","2026-02-14 07:20",,,,,"Poo",
"Pump","2026-02-14 07:05",,,"0ml",,,
"Feed","2026-02-14 06:57",,,"Breast Milk","Bottle","4oz",
"Diaper","2026-02-14 06:55",,,,,"Pee",
"Sleep","2026-02-14 03:43","2026-02-14 06:51","03:07",,,,
"Diaper","2026-02-14 03:23",,,,,"Poo",
"Diaper","2026-02-14 03:03",,,,,"Pee",
"Feed","2026-02-14 03:03",,,"Formula","Bottle","4oz",
"Pump","2026-02-14 02:17",,,"0ml",,,
"Sleep","2026-02-13 21:50","2026-02-14 02:58","05:08",,,,
"Feed","2026-02-13 21:13",,,"Formula","Bottle","4oz",
"Sleep","2026-02-13 20:52","2026-02-13 21:12","00:20",,,,
"Pump","2026-02-13 20:45",,,"0ml",,,
"Diaper","2026-02-13 20:00",,,,,"Poo:small",
"Tummy time","2026-02-13 19:52","2026-02-13 19:54","00:01",,,,
"Diaper","2026-02-13 19:19",,,,,"Poo",
"Feed","2026-02-13 19:01",,,"Breast Milk","Bottle","4oz",
"Diaper","2026-02-13 18:59",,,,,"Pee",
"Pump","2026-02-13 17:14",,,"0ml",,,
"Sleep","2026-02-13 16:50","2026-02-13 18:55","02:05",,,,
"Feed","2026-02-13 16:21",,,"Breast Milk","Bottle","4.4oz",
"Diaper","2026-02-13 16:10",,,,,"Pee",
"Sleep","2026-02-13 15:15","2026-02-13 16:07","00:52",,,,
"Sleep","2026-02-13 14:15","2026-02-13 15:04","00:49",,,,
"Feed","2026-02-13 13:26",,,"Breast Milk","Bottle","4oz",
"Diaper","2026-02-13 13:20",,,,,"Pee",
"Pump","2026-02-13 13:12",,,"0ml",,,
"Sleep","2026-02-13 12:41","2026-02-13 13:08","00:26",,,,
"Sleep","2026-02-13 12:19","2026-02-13 12:37","00:18",,,,
"Feed","2026-02-13 11:20",,,"Breast Milk","Bottle","4oz",
"Diaper","2026-02-13 11:15",,,,,"Pee",
"Sleep","2026-02-13 10:20","2026-02-13 11:04","00:44",,,,
"Pump","2026-02-13 09:39",,,"0ml",,,
"Diaper","2026-02-13 09:13",,,,,"Poo",
"Feed","2026-02-13 08:57",,,"Breast Milk","Bottle","4oz",
"Diaper","2026-02-13 08:54",,,,,"Pee",
"Pump","2026-02-13 06:08",,,"0ml",,,
"Sleep","2026-02-13 06:01","2026-02-13 08:45","02:44",,,,
"Feed","2026-02-13 05:37",,,"Breast Milk","Bottle","4oz",
"Diaper","2026-02-13 05:31",,,,,"Pee",
"Sleep","2026-02-13 03:13","2026-02-13 05:26","02:12",,,,
"Feed","2026-02-13 02:30",,,"Formula","Bottle","4oz",
"Diaper","2026-02-13 02:29",,,,,"Pee",
"Pump","2026-02-13 02:24",,,"0ml",,,
"Pump","2026-02-12 20:59",,,"0ml",,,
"Sleep","2026-02-12 20:51","2026-02-13 02:27","05:36",,,,
"Feed","2026-02-12 20:33",,,"Formula","Bottle","4oz",
"Sleep","2026-02-12 19:36","2026-02-12 20:32","00:56",,,,
"Diaper","2026-02-12 19:28",,,,,"Pee",
"Pump","2026-02-12 18:42",,,"0ml",,,
"Feed","2026-02-12 18:21",,,"Breast Milk","Bottle","4oz",
"Diaper","2026-02-12 18:20",,,,,"Pee",
"Sleep","2026-02-12 17:38","2026-02-12 17:56","00:17",,,,
"Diaper","2026-02-12 16:30",,,,,"Poo",
"Feed","2026-02-12 15:55",,,"Breast Milk","Bottle","4oz",
"Tummy time","2026-02-12 15:51","2026-02-12 15:53","00:02",,,,
"Pump","2026-02-12 15:50",,,"0ml",,,
"Sleep","2026-02-12 15:05","2026-02-12 15:47","00:42",,,,
"Tummy time","2026-02-12 14:56","2026-02-12 14:57","00:00",,,,
"Diaper","2026-02-12 14:55",,,,,"Pee",
"Sleep","2026-02-12 13:10","2026-02-12 14:50","01:40",,,,
"Feed","2026-02-12 12:46",,,"Breast Milk","Bottle","4oz",
"Diaper","2026-02-12 12:44",,,,,"Pee",
"Pump","2026-02-12 12:01",,,"0ml",,,
"Sleep","2026-02-12 11:39","2026-02-12 12:42","01:03",,,,
"Sleep","2026-02-12 10:40","2026-02-12 11:29","00:49",,,,
"Sleep","2026-02-12 10:15","2026-02-12 10:33","00:18",,,,
"Diaper","2026-02-12 10:03",,,,,"Both",
"Feed","2026-02-12 09:33",,,"Breast Milk","Bottle","4oz",
"Sleep","2026-02-12 08:18","2026-02-12 08:52","00:34",,,,
"Diaper","2026-02-12 07:43",,,,,"Poo",
"Pump","2026-02-12 07:23",,,"0ml",,,
"Feed","2026-02-12 07:19",,,"Breast Milk","Bottle","4oz",
"Diaper","2026-02-12 07:18",,,,,"Both",
"Sleep","2026-02-12 04:06","2026-02-12 07:12","03:06",,,,
"Feed","2026-02-12 03:15",,,"Formula","Bottle","4oz",
"Diaper","2026-02-12 03:14",,,,,"Pee",
"Pump","2026-02-12 03:05",,,"0ml",,,
"Sleep","2026-02-11 21:50","2026-02-12 03:08","05:18",,,,
"Pump","2026-02-11 21:27",,,"0ml",,,
"Feed","2026-02-11 21:16",,,"Formula","Bottle","4oz",
"Diaper","2026-02-11 21:03",,,,,"Pee",
"Bath","2026-02-11 21:00","2026-02-11 21:10","00:10",,,,
"Diaper","2026-02-11 20:11",,,,,"Both, poo:small",
"Pump","2026-02-11 19:02",,,"0ml",,,
"Feed","2026-02-11 18:36",,,"Breast Milk","Bottle","4oz",
"Sleep","2026-02-11 17:47","2026-02-11 18:36","00:48",,,,
"Tummy time","2026-02-11 17:06","2026-02-11 17:07","00:01",,,,
"Feed","2026-02-11 16:28",,,"Breast Milk","Bottle","4oz",
"Diaper","2026-02-11 16:23",,,,,"Pee",
"Pump","2026-02-11 15:13",,,"0ml",,,
"Sleep","2026-02-11 14:36","2026-02-11 16:22","01:46",,,,
"Tummy time","2026-02-11 14:11","2026-02-11 14:14","00:02",,,,
"Diaper","2026-02-11 13:40",,,,,"Both",
"Feed","2026-02-11 13:18",,,"Breast Milk","Bottle","4oz",
"Sleep","2026-02-11 13:04","2026-02-11 13:17","00:13",,,,
"Sleep","2026-02-11 12:40","2026-02-11 13:03","00:23",,,,
"Sleep","2026-02-11 12:25","2026-02-11 12:33","00:08",,,,
"Diaper","2026-02-11 11:29",,,,,"Pee",
"Sleep","2026-02-11 10:55","2026-02-11 11:25","00:29",,,,
"Pump","2026-02-11 10:52",,,"0ml",,,
"Feed","2026-02-11 10:23",,,"Breast Milk","Bottle","4oz",
"Diaper","2026-02-11 10:17",,,,,"Pee",
"Sleep","2026-02-11 09:29","2026-02-11 09:55","00:25",,,,
"Tummy time","2026-02-11 09:02","2026-02-11 09:04","00:02",,,,
"Diaper","2026-02-11 08:55",,,,,"Both",
"Pump","2026-02-11 08:02",,,"0ml",,,
"Feed","2026-02-11 08:00",,,"Breast Milk","Bottle","4oz",
"Diaper","2026-02-11 07:58",,,,,"Pee",
"Sleep","2026-02-11 05:00","2026-02-11 07:48","02:48",,,,
"Pump","2026-02-11 04:27",,,"0ml",,,
"Feed","2026-02-11 04:15",,,"Breast Milk","Bottle","4oz",
"Diaper","2026-02-11 04:12",,,,,"Pee",
"Sleep","2026-02-11 01:15","2026-02-11 04:10","02:55",,,,
"Feed","2026-02-11 00:46",,,"Formula","Bottle","4oz",
"Diaper","2026-02-11 00:43",,,,,"Pee",
"Pump","2026-02-11 00:24",,,"0ml",,,
"Sleep","2026-02-10 20:35","2026-02-11 00:40","04:05",,,,
"Pump","2026-02-10 20:12",,,"0ml",,,
"Feed","2026-02-10 20:09",,,"Formula","Bottle","4oz",
"Diaper","2026-02-10 20:00",,,,,"Pee",
"Sleep","2026-02-10 18:54","2026-02-10 19:59","01:05",,,,
"Diaper","2026-02-10 18:12",,,,,"Poo",
"Feed","2026-02-10 17:33",,,"Breast Milk","Bottle","4oz",
"Diaper","2026-02-10 17:30",,,,,"Pee",
"Pump","2026-02-10 16:37",,,"0ml",,,
"Sleep","2026-02-10 15:06","2026-02-10 17:06","01:59",,,,
"Sleep","2026-02-10 14:56","2026-02-10 15:03","00:07",,,,
"Feed","2026-02-10 14:14",,,"Breast Milk","Bottle","4oz",
"Diaper","2026-02-10 14:10",,,,,"Pee",
"Sleep","2026-02-10 12:59","2026-02-10 13:27","00:28",,,,
"Diaper","2026-02-10 12:55",,,,,"Pee",
"Pump","2026-02-10 12:32",,,"0ml",,,
"Sleep","2026-02-10 12:32","2026-02-10 12:50","00:17",,,,
"Feed","2026-02-10 11:20",,,"Breast Milk","Bottle","4oz",
"Diaper","2026-02-10 11:17",,,,,"Pee",
"Sleep","2026-02-10 10:26","2026-02-10 11:10","00:44",,,,
"Tummy time","2026-02-10 10:07","2026-02-10 10:09","00:01",,,,
"Pump","2026-02-10 09:38",,,"0ml",,,
"Diaper","2026-02-10 09:27",,,,,"Poo",
"Feed","2026-02-10 09:03",,,"Breast Milk","Bottle","4oz",
"Diaper","2026-02-10 08:57",,,,,"Pee",
"Sleep","2026-02-10 07:11","2026-02-10 08:49","01:37",,,,
"Pump","2026-02-10 06:42",,,"0ml",,,
"Diaper","2026-02-10 06:23",,,,,"Poo",
"Feed","2026-02-10 05:53",,,"Formula","Bottle","4oz",
"Diaper","2026-02-10 05:50",,,,,"Pee",
"Pump","2026-02-10 02:38",,,"0ml",,,
"Sleep","2026-02-10 02:28","2026-02-10 05:47","03:18",,,,
"Feed","2026-02-10 01:48",,,"Formula","Bottle","4oz",
"Diaper","2026-02-10 01:47",,,,,"Pee",
"Pump","2026-02-09 21:05",,,"0ml",,,
"Sleep","2026-02-09 20:57","2026-02-10 01:42","04:44",,,,
"Feed","2026-02-09 20:20",,,"Breast Milk","Bottle","4oz",
"Diaper","2026-02-09 20:17",,,,,"Pee",
"Sleep","2026-02-09 20:07","2026-02-09 20:15","00:08",,,,
"Sleep","2026-02-09 19:40","2026-02-09 19:47","00:07",,,,
"Diaper","2026-02-09 19:06",,,,,"Pee",
"Tummy time","2026-02-09 18:56","2026-02-09 18:57","00:01",,,,
"Pump","2026-02-09 18:33",,,"0ml",,,
"Feed","2026-02-09 17:44",,,"Breast Milk","Bottle","4oz",
"Diaper","2026-02-09 17:42",,,,,"Pee",
"Sleep","2026-02-09 16:44","2026-02-09 17:30","00:45",,,,
"Diaper","2026-02-09 16:01",,,,,"Poo",
"Feed","2026-02-09 15:15",,,"Breast Milk","Bottle","4oz",
"Diaper","2026-02-09 15:14",,,,,"Pee",
"Pump","2026-02-09 14:39",,,"0ml",,,
"Sleep","2026-02-09 13:54","2026-02-09 15:10","01:16",,,,
"Sleep","2026-02-09 13:32","2026-02-09 13:48","00:16",,,,
"Diaper","2026-02-09 13:11",,,,,"Pee",
"Sleep","2026-02-09 12:42","2026-02-09 13:09","00:27",,,,
"Feed","2026-02-09 12:05",,,"Breast Milk","Bottle","4oz",
"Tummy time","2026-02-09 12:03","2026-02-09 12:03","00:00",,,,
"Diaper","2026-02-09 12:01",,,,,"Pee",
"Pump","2026-02-09 10:45",,,"0ml",,,
"Sleep","2026-02-09 10:13","2026-02-09 12:01","01:48",,,,
"Sleep","2026-02-09 09:49","2026-02-09 10:00","00:11",,,,
"Feed","2026-02-09 09:11",,,"Breast Milk","Bottle","4oz",
"Diaper","2026-02-09 09:05",,,,,"Pee",
"Sleep","2026-02-09 08:10","2026-02-09 08:51","00:40",,,,
"Pump","2026-02-09 07:26",,,"0ml",,,
"Diaper","2026-02-09 07:17",,,,,"Poo",
"Feed","2026-02-09 06:40",,,"Formula","Bottle","4oz",
"Diaper","2026-02-09 06:38",,,,,"Pee",
"Sleep","2026-02-09 04:09","2026-02-09 06:34","02:25",,,,
"Diaper","2026-02-09 03:38",,,,,"Poo",
"Diaper","2026-02-09 03:21",,,,,"Pee",
"Feed","2026-02-09 03:21",,,"Formula","Bottle","4oz",
"Pump","2026-02-09 02:54",,,"0ml",,,
"Sleep","2026-02-08 23:27","2026-02-09 03:16","03:48",,,,
"Feed","2026-02-08 22:52",,,"Formula","Bottle","4oz",
"Diaper","2026-02-08 22:51",,,,,"Pee",
"Sleep","2026-02-08 21:20","2026-02-08 22:47","01:27",,,,
"Pump","2026-02-08 20:30",,,"0ml",,,
"Feed","2026-02-08 20:00",,,"Breast Milk","Bottle","4oz",
"Bath","2026-02-08 19:52","2026-02-08 19:57","00:05",,,,
"Diaper","2026-02-08 19:45",,,,,"Both",
"Sleep","2026-02-08 19:00","2026-02-08 19:38","00:37",,,,
"Diaper","2026-02-08 18:32",,,,,"Pee",
"Pump","2026-02-08 17:54",,,"0ml",,,
"Feed","2026-02-08 17:25",,,"Breast Milk","Bottle","4oz",
"Diaper","2026-02-08 17:23",,,,,"Pee",
"Diaper","2026-02-08 15:16",,,,,"Pee",
"Sleep","2026-02-08 15:00","2026-02-08 17:04","02:04",,,,
"Feed","2026-02-08 14:37",,,"Breast Milk","Bottle","4oz",
"Pump","2026-02-08 13:43",,,"0ml",,,
"Sleep","2026-02-08 12:30","2026-02-08 14:31","02:00",,,,
"Diaper","2026-02-08 12:21",,,,,"Pee",
"Tummy time","2026-02-08 12:05","2026-02-08 12:08","00:03",,,,
"Feed","2026-02-08 11:10",,,"Breast Milk","Bottle","4oz",
"Sleep","2026-02-08 10:12","2026-02-08 11:08","00:55",,,,
"Diaper","2026-02-08 10:04",,,,,"Pee",
"Pump","2026-02-08 09:36",,,"0ml",,,
"Diaper","2026-02-08 08:37",,,,,"Poo",
"Feed","2026-02-08 08:23",,,"Breast Milk","Bottle","4oz",
"Diaper","2026-02-08 08:15",,,,,"Pee",
"Sleep","2026-02-08 05:50","2026-02-08 08:10","02:20",,,,
"Pump","2026-02-08 05:27",,,"0ml",,,
"Diaper","2026-02-08 05:18",,,,,"Poo",
"Feed","2026-02-08 04:45",,,"Formula","Bottle","4oz",
"Diaper","2026-02-08 04:43",,,,,"Pee",
"Pump","2026-02-08 00:14",,,"0ml",,,
"Sleep","2026-02-08 00:06","2026-02-08 04:40","04:34",,,,
"Feed","2026-02-07 23:21",,,"Formula","Bottle","4oz",
"Diaper","2026-02-07 23:19",,,,,"Pee",
"Pump","2026-02-07 20:10",,,"0ml",,,
"Sleep","2026-02-07 19:28","2026-02-07 23:15","03:47",,,,
"Feed","2026-02-07 18:59",,,"Breast Milk","Bottle","4oz",
"Diaper","2026-02-07 18:57",,,,,"Pee",
"Pump","2026-02-07 18:14",,,"0ml",,,
"Sleep","2026-02-07 16:49","2026-02-07 18:55","02:06",,,,
"Sleep","2026-02-07 16:22","2026-02-07 16:45","00:23",,,,
"Feed","2026-02-07 15:54",,,"Breast Milk","Bottle","4oz",
"Diaper","2026-02-07 15:53",,,,,"Pee",
"Tummy time","2026-02-07 15:50","2026-02-07 15:51","00:01",,,,
"Pump","2026-02-07 14:48",,,"0ml",,,
"Diaper","2026-02-07 14:46",,,,,"Pee",
"Sleep","2026-02-07 14:12","2026-02-07 14:37","00:25",,,,
"Sleep","2026-02-07 14:05","2026-02-07 14:09","00:04",,,,
"Feed","2026-02-07 13:26",,,"Breast Milk","Bottle","4oz",
"Diaper","2026-02-07 13:23",,,,,"Pee",
"Sleep","2026-02-07 12:09","2026-02-07 13:21","01:12",,,,
"Sleep","2026-02-07 11:25","2026-02-07 12:06","00:41",,,,
"Feed","2026-02-07 11:03",,,"Breast Milk","Bottle","4oz",
"Diaper","2026-02-07 11:00",,,,,"Pee",
"Sleep","2026-02-07 10:43","2026-02-07 10:59","00:16",,,,
"Pump","2026-02-07 10:03",,,"0ml",,,
"Sleep","2026-02-07 09:40","2026-02-07 09:59","00:19",,,,
"Tummy time","2026-02-07 09:11","2026-02-07 09:13","00:01",,,,
"Diaper","2026-02-07 09:01",,,,,"Both",
"Feed","2026-02-07 08:21",,,"Breast Milk","Bottle","4oz",
"Diaper","2026-02-07 08:19",,,,,"Pee",
"Pump","2026-02-07 05:32",,,"0ml",,,
"Sleep","2026-02-07 05:25","2026-02-07 08:17","02:52",,,,
"Feed","2026-02-07 04:59",,,"Formula","Bottle","4oz",
"Diaper","2026-02-07 04:58",,,,,"Pee",
"Pump","2026-02-07 01:58",,,"0ml",,,
"Sleep","2026-02-07 01:55","2026-02-07 04:47","02:52",,,,
"Feed","2026-02-07 00:26",,,"Formula","Bottle","4oz",
"Diaper","2026-02-07 00:24",,,,,"Pee",
"Pump","2026-02-06 20:34",,,"0ml",,,
"Sleep","2026-02-06 20:20","2026-02-07 00:22","04:02",,,,
"Feed","2026-02-06 19:05",,,"Breast Milk","Bottle","4oz",
"Diaper","2026-02-06 19:03",,,,,"Pee",
"Sleep","2026-02-06 18:27","2026-02-06 18:56","00:29",,,,
"Diaper","2026-02-06 18:01",,,,,"Both",
"Tummy time","2026-02-06 17:55","2026-02-06 17:56","00:01",,,,
"Diaper","2026-02-06 17:17",,,,,"Both",
"Pump","2026-02-06 17:11",,,"0ml",,,
"Feed","2026-02-06 16:46",,,"Breast Milk","Bottle","4oz",
"Diaper","2026-02-06 16:43",,,,,"Pee",
"Sleep","2026-02-06 15:11","2026-02-06 16:41","01:29",,,,
"Tummy time","2026-02-06 14:45","2026-02-06 14:47","00:02",,,,
"Tummy time","2026-02-06 14:03","2026-02-06 14:04","00:01",,,,
"Feed","2026-02-06 13:28",,,"Breast Milk","Bottle","4oz",
"Diaper","2026-02-06 13:25",,,,,"Pee",
"Pump","2026-02-06 12:58",,,"0ml",,,
"Sleep","2026-02-06 11:40","2026-02-06 13:24","01:44",,,,
"Diaper","2026-02-06 11:30",,,,,"Pee",
"Feed","2026-02-06 10:44",,,"Breast Milk","Bottle","4oz",
"Pump","2026-02-06 10:00",,,"0ml",,,
"Sleep","2026-02-06 09:53","2026-02-06 10:21","00:28",,,,
"Diaper","2026-02-06 08:47",,,,,"Poo",
"Feed","2026-02-06 08:20",,,"Breast Milk","Bottle","4oz",
"Diaper","2026-02-06 08:17",,,,,"Pee",
"Pump","2026-02-06 05:55",,,"0ml",,,
"Sleep","2026-02-06 05:46","2026-02-06 08:10","02:24",,,,
"Diaper","2026-02-06 05:18",,,,,"Poo",
"Feed","2026-02-06 04:39",,,"Formula","Bottle","4oz",
"Diaper","2026-02-06 04:37",,,,,"Pee",
"Sleep","2026-02-06 01:20","2026-02-06 04:34","03:14",,,,
"Diaper","2026-02-06 00:41",,,,,"Poo",
"Pump","2026-02-06 00:36",,,"0ml",,,
"Feed","2026-02-06 00:08",,,"Formula","Bottle","4oz",
"Diaper","2026-02-06 00:06",,,,,"Pee",
"Pump","2026-02-05 19:50",,,"0ml",,,
"Sleep","2026-02-05 19:35","2026-02-06 00:03","04:28",,,,
"Feed","2026-02-05 18:50",,,"Breast Milk","Bottle","4oz",
"Bath","2026-02-05 18:35","2026-02-05 18:45","00:10",,,,
"Diaper","2026-02-05 18:35",,,,,"Pee",
"Sleep","2026-02-05 17:45","2026-02-05 18:10","00:25",,,,
"Tummy time","2026-02-05 17:10","2026-02-05 17:13","00:02",,,,
"Sleep","2026-02-05 16:45","2026-02-05 17:05","00:20",,,,
"Pump","2026-02-05 16:44",,,"0ml",,,
"Diaper","2026-02-05 16:25",,,,,"Pee",
"Feed","2026-02-05 16:12",,,"Breast Milk","Bottle","4oz",
"Sleep","2026-02-05 14:31","2026-02-05 16:08","01:37",,,,
"Sleep","2026-02-05 13:40","2026-02-05 14:07","00:27",,,,
"Feed","2026-02-05 13:17",,,"Breast Milk","Bottle","2oz",
"Tummy time","2026-02-05 12:49","2026-02-05 12:52","00:02",,,,
"Diaper","2026-02-05 12:37",,,,,"Poo",
"Pump","2026-02-05 12:30",,,"0ml",,,
"Sleep","2026-02-05 12:03","2026-02-05 12:24","00:21",,,,
"Diaper","2026-02-05 11:43",,,,,"Both",
"Feed","2026-02-05 11:33",,,"Breast Milk","Bottle","3.5oz",
"Sleep","2026-02-05 10:28","2026-02-05 11:15","00:47",,,,
"Diaper","2026-02-05 10:25",,,,,"Pee",
"Sleep","2026-02-05 09:15","2026-02-05 10:16","01:01",,,,
"Sleep","2026-02-05 08:20","2026-02-05 08:55","00:35",,,,
"Feed","2026-02-05 07:49",,,"Breast Milk","Bottle","3.5oz",
"Diaper","2026-02-05 07:47",,,,,"Pee",
"Pump","2026-02-05 06:57",,,"0ml",,,
"Sleep","2026-02-05 05:33","2026-02-05 07:39","02:06",,,,
"Diaper","2026-02-05 05:01",,,,,"Pee",
"Feed","2026-02-05 05:00",,,"Breast Milk","Bottle","4oz",
"Sleep","2026-02-05 02:20","2026-02-05 04:58","02:38",,,,
"Pump","2026-02-05 01:52",,,"0ml",,,
"Feed","2026-02-05 00:45",,,"Formula","Bottle","4oz",
"Diaper","2026-02-05 00:44",,,,,"Pee",
"Pump","2026-02-04 20:29",,,"0ml",,,
"Sleep","2026-02-04 20:29","2026-02-05 00:40","04:11",,,,
"Diaper","2026-02-04 19:53",,,,,"Pee",
"Feed","2026-02-04 19:53",,,"Formula","Bottle","4oz",
"Pump","2026-02-04 18:20",,,"0ml",,,
"Sleep","2026-02-04 17:50","2026-02-04 19:50","02:00",,,,
"Diaper","2026-02-04 17:30",,,,,"Poo",
"Feed","2026-02-04 16:50",,,"Breast Milk","Bottle","4oz",
"Diaper","2026-02-04 16:47",,,,,"Pee",
"Sleep","2026-02-04 15:29","2026-02-04 16:26","00:57",,,,
"Tummy time","2026-02-04 14:55","2026-02-04 14:58","00:02",,,,
"Diaper","2026-02-04 14:45",,,,,"Poo",
"Feed","2026-02-04 14:17",,,"Breast Milk","Bottle","4oz",
"Diaper","2026-02-04 14:15",,,,,"Pee",
"Pump","2026-02-04 14:08",,,"0ml",,,
"Sleep","2026-02-04 12:20","2026-02-04 14:07","01:47",,,,
"Feed","2026-02-04 11:13",,,"Breast Milk","Bottle","3.5oz",
"Tummy time","2026-02-04 11:10","2026-02-04 11:11","00:01",,,,
"Diaper","2026-02-04 11:01",,,,,"Pee",
"Pump","2026-02-04 10:53",,,"0ml",,,
"Sleep","2026-02-04 09:53","2026-02-04 10:49","00:55",,,,
"Diaper","2026-02-04 09:28",,,,,"Poo:large",
"Feed","2026-02-04 08:30",,,"Breast Milk","Bottle","3.5oz",
"Diaper","2026-02-04 08:24",,,,,"Pee",
"Pump","2026-02-04 06:08",,,"0ml",,,
"Sleep","2026-02-04 05:50","2026-02-04 08:05","02:15",,,,
"Feed","2026-02-04 05:30",,,"Breast Milk","Bottle","4oz",
"Diaper","2026-02-04 05:27",,,,,"Pee",
"Sleep","2026-02-04 02:00","2026-02-04 05:23","03:23",,,,
"Diaper","2026-02-04 01:19",,,,,"Poo:medium",
"Pump","2026-02-04 01:17",,,"0ml",,,
"Feed","2026-02-04 00:53",,,"Formula","Bottle","4oz",
"Diaper","2026-02-04 00:52",,,,,"Pee",
"Sleep","2026-02-03 20:51","2026-02-04 00:49","03:58",,,,
"Pump","2026-02-03 20:21",,,"0ml",,,
"Feed","2026-02-03 20:02",,,"Formula","Bottle","4oz",
"Diaper","2026-02-03 19:12",,,,,"Pee",
"Sleep","2026-02-03 18:42","2026-02-03 19:01","00:18",,,,
"Pump","2026-02-03 18:05",,,"0ml",,,
"Sleep","2026-02-03 17:23","2026-02-03 18:08","00:44",,,,
"Feed","2026-02-03 17:01",,,"Breast Milk","Bottle","4oz",
"Diaper","2026-02-03 16:47",,,,,"Poo:large","Huge ass butt bomb"
"Diaper","2026-02-03 16:34",,,,,"Pee:large",
"Pump","2026-02-03 15:01",,,"0ml",,,
"Sleep","2026-02-03 14:45","2026-02-03 16:30","01:45",,,,
"Feed","2026-02-03 14:15",,,"Breast Milk","Bottle","3.5oz",
"Sleep","2026-02-03 13:00","2026-02-03 14:07","01:07",,,,
"Tummy time","2026-02-03 12:49","2026-02-03 12:52","00:02",,,,
"Diaper","2026-02-03 12:49",,,,,"Pee",
"Sleep","2026-02-03 11:55","2026-02-03 12:46","00:51",,,,
"Feed","2026-02-03 11:20",,,"Breast Milk","Bottle","3.5oz",
"Diaper","2026-02-03 10:57",,,,,"Pee",
"Pump","2026-02-03 10:50",,,"0ml",,,
"Feed","2026-02-03 09:39",,,"Breast Milk","Bottle","3.5oz",
"Diaper","2026-02-03 09:36",,,,,"Poo",
"Diaper","2026-02-03 09:25",,,,,"Pee",
"Sleep","2026-02-03 06:58","2026-02-03 09:17","02:19",,,,
"Feed","2026-02-03 06:16",,,"Breast Milk","Bottle","4oz",
"Diaper","2026-02-03 06:14",,,,,"Pee",
"Pump","2026-02-03 06:05",,,"0ml",,,
"Sleep","2026-02-03 02:34","2026-02-03 06:13","03:39",,,,
"Diaper","2026-02-03 01:46",,,,,"Both","He peed on my hand. "
"Diaper","2026-02-03 01:10",,,,,"Poo",
"Pump","2026-02-03 01:00",,,"0ml",,,
"Feed","2026-02-03 00:58",,,"Formula","Bottle","4oz",
"Diaper","2026-02-03 00:57",,,,,"Pee",
"Sleep","2026-02-02 21:00","2026-02-03 00:54","03:54",,,,
"Pump","2026-02-02 20:26",,,"0ml",,,
"Feed","2026-02-02 20:16",,,"Breast Milk","Bottle","3.5oz",
"Diaper","2026-02-02 20:10",,,,,"Pee",
"Bath","2026-02-02 20:05","2026-02-02 20:15","00:10",,,,
"Sleep","2026-02-02 19:00","2026-02-02 20:00","01:00",,,,
"Feed","2026-02-02 18:20",,,"Breast Milk","Bottle","3.5oz",
"Diaper","2026-02-02 17:10",,,,,"Pee",
"Sleep","2026-02-02 17:10","2026-02-02 17:34","00:24",,,,
"Pump","2026-02-02 17:08",,,"0ml",,,
"Sleep","2026-02-02 16:00","2026-02-02 16:53","00:53",,,,
"Diaper","2026-02-02 15:29",,,,,"Poo",
"Feed","2026-02-02 15:00",,,"Breast Milk","Bottle","3.5oz",
"Diaper","2026-02-02 14:57",,,,,"Pee",
"Sleep","2026-02-02 13:40","2026-02-02 14:57","01:17",,,,
"Diaper","2026-02-02 13:36",,,,,"Pee",
"Pump","2026-02-02 13:00",,,"0ml",,,
"Sleep","2026-02-02 12:43","2026-02-02 13:29","00:45",,,,
"Feed","2026-02-02 12:17",,,"Breast Milk","Bottle","3.5oz",
"Diaper","2026-02-02 11:40",,,,,"Both",
"Sleep","2026-02-02 11:04","2026-02-02 11:35","00:30",,,,
"Pump","2026-02-02 09:58",,,"0ml",,,
"Feed","2026-02-02 09:57",,,"Breast Milk","Bottle","3.5oz",
"Diaper","2026-02-02 09:52",,,,,"Pee:large",
"Sleep","2026-02-02 07:40","2026-02-02 09:40","02:00",,,,
"Feed","2026-02-02 06:57",,,"Breast Milk","Bottle","3.5oz",
"Diaper","2026-02-02 06:53",,,,,"Pee",
"Pump","2026-02-02 06:29",,,"0ml",,,
"Sleep","2026-02-02 03:40","2026-02-02 06:45","03:05",,,,
"Feed","2026-02-02 02:08",,,"Formula","Bottle","4oz",
"Diaper","2026-02-02 02:04",,,,,"Pee",
"Pump","2026-02-02 01:18",,,"0ml",,,
"Sleep","2026-02-01 21:24","2026-02-02 02:02","04:37",,,,
"Feed","2026-02-01 20:45",,,"Breast Milk","Bottle","4oz",
"Diaper","2026-02-01 20:30",,,,,"Pee",
"Pump","2026-02-01 19:44",,,"0ml",,,
"Sleep","2026-02-01 19:40","2026-02-01 20:09","00:29",,,,
"Diaper","2026-02-01 19:25",,,,,"Pee:large",
"Feed","2026-02-01 17:43",,,"Breast Milk","Bottle","3.5oz",
"Pump","2026-02-01 17:24",,,"0ml",,,
"Diaper","2026-02-01 17:17",,,,,"Pee",
"Sleep","2026-02-01 15:55","2026-02-01 16:20","00:25",,,,
"Feed","2026-02-01 15:25",,,"Breast Milk","Bottle","3.5oz",
"Diaper","2026-02-01 15:16",,,,,"Pee",
"Sleep","2026-02-01 13:45","2026-02-01 15:15","01:30",,,,
"Sleep","2026-02-01 13:05","2026-02-01 13:31","00:26",,,,
"Pump","2026-02-01 13:00",,,"0ml",,,
"Feed","2026-02-01 12:43",,,"Breast Milk","Bottle","3.5oz",
"Diaper","2026-02-01 12:34",,,,,"Pee",
"Tummy time","2026-02-01 12:31","2026-02-01 12:32","00:01",,,,
"Sleep","2026-02-01 12:00","2026-02-01 12:29","00:29",,,,
"Sleep","2026-02-01 11:20","2026-02-01 11:40","00:20",,,,
"Feed","2026-02-01 10:14",,,"Breast Milk","Bottle","3.5oz",
"Pump","2026-02-01 10:11",,,"0ml",,,
"Sleep","2026-02-01 09:40","2026-02-01 10:00","00:20",,,,
"Diaper","2026-02-01 09:35",,,,,"Poo:large",
"Feed","2026-02-01 08:45",,,"Breast Milk","Bottle","3.5oz",
"Diaper","2026-02-01 08:43",,,,,"Poo:large",
"Diaper","2026-02-01 08:30",,,,,"Pee",
"Sleep","2026-02-01 06:04","2026-02-01 08:29","02:25",,,,
"Feed","2026-02-01 05:47",,,"Breast Milk","Bottle","3.5oz",
"Diaper","2026-02-01 05:44",,,,,"Pee",
"Pump","2026-02-01 05:19",,,"0ml",,,
"Sleep","2026-02-01 02:13","2026-02-01 05:37","03:24",,,,
"Feed","2026-02-01 01:14",,,"Formula","Bottle","4oz",
"Diaper","2026-02-01 01:12",,,,,"Pee",
"Pump","2026-02-01 00:37",,,"0ml",,,
"Sleep","2026-01-31 22:45","2026-02-01 01:09","02:24",,,,
"Feed","2026-01-31 22:15",,,"Breast Milk","Bottle","3.5oz",
"Diaper","2026-01-31 21:45",,,,,"Pee",
"Sleep","2026-01-31 20:00","2026-01-31 21:45","01:45",,,,
"Pump","2026-01-31 19:38",,,"0ml",,,
"Feed","2026-01-31 19:37",,,"Breast Milk","Bottle","3.5oz",
"Sleep","2026-01-31 18:20","2026-01-31 19:09","00:49",,,,
"Diaper","2026-01-31 18:09",,,,,"Pee:large",
"Sleep","2026-01-31 17:21","2026-01-31 17:32","00:11",,,,
"Pump","2026-01-31 17:00",,,"0ml",,,
"Feed","2026-01-31 16:56",,,"Breast Milk","Bottle","3.5oz",
"Diaper","2026-01-31 16:55",,,,,"Poo:large",
"Tummy time","2026-01-31 16:32","2026-01-31 16:35","00:03",,,,
"Diaper","2026-01-31 16:31",,,,,"Pee",
"Sleep","2026-01-31 14:27","2026-01-31 16:27","02:00",,,,
"Feed","2026-01-31 14:08",,,"Breast Milk","Bottle","3.5oz",
"Diaper","2026-01-31 13:56",,,,,"Pee",
"Pump","2026-01-31 13:46",,,"0ml",,,
"Sleep","2026-01-31 12:10","2026-01-31 13:54","01:44",,,,
"Feed","2026-01-31 11:18",,,"Breast Milk","Bottle","3oz",
"Diaper","2026-01-31 11:04",,,,,"Pee",
"Pump","2026-01-31 10:56",,,"0ml",,,
"Feed","2026-01-31 09:13",,,"Breast Milk","Bottle","3.5oz",
"Diaper","2026-01-31 09:10",,,,,"Pee",
"Sleep","2026-01-31 06:27","2026-01-31 09:07","02:40",,,,
"Feed","2026-01-31 06:00",,,"Breast Milk","Bottle","3.5oz",
"Diaper","2026-01-31 05:55",,,,,"Both",
"Pump","2026-01-31 05:37",,,"0ml",,,
"Sleep","2026-01-31 02:47","2026-01-31 05:53","03:06",,,,
"Feed","2026-01-31 01:17",,,"Formula","Bottle","4oz","spit up during burp session "
"Pump","2026-01-31 01:16",,,"0ml",,,
"Diaper","2026-01-31 01:15",,,,,"Pee",
"Sleep","2026-01-30 22:00","2026-01-31 01:14","03:14",,,,
"Feed","2026-01-30 21:33",,,"Breast Milk","Bottle","3.5oz",
"Sleep","2026-01-30 20:33","2026-01-30 21:30","00:57",,,,
"Diaper","2026-01-30 19:52",,,,,"Both, poo:large",
"Pump","2026-01-30 19:40",,,"0ml",,,
"Sleep","2026-01-30 18:50","2026-01-30 19:15","00:25",,,,
"Feed","2026-01-30 18:30",,,"Breast Milk","Bottle","3.5oz",
"Diaper","2026-01-30 18:14",,,,,"Pee",
"Pump","2026-01-30 17:28",,,"0ml",,,
"Sleep","2026-01-30 16:40","2026-01-30 18:07","01:27",,,,
"Feed","2026-01-30 15:48",,,"Breast Milk","Bottle","3.5oz",
"Diaper","2026-01-30 15:47",,,,,"Pee",
"Pump","2026-01-30 14:06",,,"0ml",,,
"Sleep","2026-01-30 13:45","2026-01-30 15:45","02:00",,,,
"Feed","2026-01-30 13:30",,,"Breast Milk","Bottle","3.5oz",
"Sleep","2026-01-30 12:00","2026-01-30 13:10","01:10",,,,
"Diaper","2026-01-30 11:40",,,,,"Pee",
"Sleep","2026-01-30 11:20","2026-01-30 11:40","00:20",,,,
"Feed","2026-01-30 11:05",,,"Breast Milk","Bottle","3oz",
"Pump","2026-01-30 10:27",,,"0ml",,,
"Sleep","2026-01-30 10:00","2026-01-30 10:40","00:40",,,,
"Diaper","2026-01-30 09:33",,,,,"Both, poo:large",
"Feed","2026-01-30 08:44",,,"Breast Milk","Bottle","3.5oz","spit up at 9:36"
"Diaper","2026-01-30 08:41",,,,,"Pee",
"Sleep","2026-01-30 06:41","2026-01-30 08:35","01:54",,,,
"Diaper","2026-01-30 05:54",,,,,"Both",
"Feed","2026-01-30 05:26",,,"Breast Milk","Bottle","3oz",
"Diaper","2026-01-30 05:25",,,,,"Pee",
"Pump","2026-01-30 05:11",,,"0ml",,,
"Sleep","2026-01-30 02:27","2026-01-30 05:23","02:56",,,,
"Feed","2026-01-30 01:34",,,"Formula","Bottle","4oz",
"Diaper","2026-01-30 01:32",,,,,"Pee",
"Pump","2026-01-29 23:36",,,"0ml",,,
"Sleep","2026-01-29 23:20","2026-01-30 01:27","02:07",,,,
"Feed","2026-01-29 23:00",,,"Breast Milk","Bottle","3.5oz",
"Diaper","2026-01-29 22:50",,,,,"Pee",
"Feed","2026-01-29 20:05",,,"Breast Milk","Bottle","3oz",
"Diaper","2026-01-29 19:30",,,,,"Pee",
"Pump","2026-01-29 18:19",,,"0ml",,,
"Sleep","2026-01-29 18:00","2026-01-29 19:14","01:14",,,,
"Feed","2026-01-29 17:40",,,"Breast Milk","Bottle","3.5oz","a lot of spit up on mom at 7:21 (did not fully burp after feed)"
"Sleep","2026-01-29 16:50","2026-01-29 17:38","00:48",,,,
"Pump","2026-01-29 16:25",,,"0ml",,,
"Sleep","2026-01-29 15:15","2026-01-29 16:15","01:00",,,,
"Diaper","2026-01-29 14:55",,,,,"Pee:large",
"Feed","2026-01-29 14:24",,,"Breast Milk","Bottle","3.5oz","clear spit up at 4:26"
"Diaper","2026-01-29 13:17",,,,,"Both, pee:large poo:large",
"Pump","2026-01-29 13:10",,,"0ml",,,
"Feed","2026-01-29 12:20",,,"Breast Milk","Bottle","3.5oz",
"Sleep","2026-01-29 11:00","2026-01-29 12:18","01:17",,,,
"Diaper","2026-01-29 10:47",,,,,"Pee",
"Sleep","2026-01-29 09:55","2026-01-29 10:33","00:38",,,,
"Feed","2026-01-29 09:18",,,"Breast Milk","Bottle","3.5oz",
"Sleep","2026-01-29 08:30","2026-01-29 08:59","00:29",,,,
"Diaper","2026-01-29 08:10",,,,,"Pee",
"Pump","2026-01-29 07:29",,,"0ml",,,
"Feed","2026-01-29 06:09",,,"Breast Milk","Bottle","3.5oz","tiny spit up right after feed\nmore spit up at 7:16"
"Diaper","2026-01-29 06:06",,,,,"Both, poo:large",
"Sleep","2026-01-29 02:22","2026-01-29 06:02","03:39",,,,
"Diaper","2026-01-29 01:54",,,,,"Pee",
"Feed","2026-01-29 01:52",,,"Formula","Bottle","4oz",
"Pump","2026-01-29 01:50",,,"0ml",,,
"Sleep","2026-01-28 22:55","2026-01-29 01:47","02:52",,,,
"Feed","2026-01-28 22:20",,,"Breast Milk","Bottle","3.5oz",
"Diaper","2026-01-28 22:18",,,,,"Pee",
"Diaper","2026-01-28 21:00",,,,,"Both",
"Tummy time","2026-01-28 20:01","2026-01-28 20:04","00:02",,,,
"Pump","2026-01-28 19:59",,,"0ml",,,
"Feed","2026-01-28 18:42",,,"Breast Milk","Bottle","3.5oz",
"Diaper","2026-01-28 18:30",,,,,"Poo:large",
"Pump","2026-01-28 16:29",,,"0ml",,,
"Sleep","2026-01-28 16:23","2026-01-28 18:19","01:56",,,,
"Feed","2026-01-28 16:04",,,"Breast Milk","Bottle","3.5oz",
"Diaper","2026-01-28 16:02",,,,,"Both, pee:medium poo:small",
"Sleep","2026-01-28 13:52","2026-01-28 15:56","02:04",,,,
"Feed","2026-01-28 12:50",,,"Breast Milk","Bottle","1oz",
"Feed","2026-01-28 12:26",,,"Breast Milk","Bottle","3oz",
"Diaper","2026-01-28 12:23",,,,,"Pee",
"Pump","2026-01-28 11:57",,,"0ml",,,
"Sleep","2026-01-28 11:00","2026-01-28 12:18","01:18",,,,
"Diaper","2026-01-28 10:05",,,,,"Pee",
"Diaper","2026-01-28 09:30",,,,,"Pee:large",
"Feed","2026-01-28 09:30",,,"Breast Milk","Bottle","3.5oz",
"Pump","2026-01-28 08:22",,,"0ml",,,
"Sleep","2026-01-28 07:08","2026-01-28 09:19","02:11",,,,
"Feed","2026-01-28 06:47",,,"Breast Milk","Bottle","3.5oz","more spit up than usual - probably laid him down too soon "
"Diaper","2026-01-28 06:45",,,,,"Pee",
"Sleep","2026-01-28 04:41","2026-01-28 06:41","02:00",,,,
"Pump","2026-01-28 03:46",,,"0ml",,,
"Diaper","2026-01-28 02:45",,,,,"Pee",
"Feed","2026-01-28 02:45",,,"Formula","Bottle","4oz",
"Sleep","2026-01-27 23:15","2026-01-28 02:39","03:24",,,,
"Pump","2026-01-27 23:12",,,"0ml",,,
"Diaper","2026-01-27 22:32",,,,,"Poo",
"Feed","2026-01-27 22:15",,,"Breast Milk","Bottle","3.5oz",
"Diaper","2026-01-27 22:00",,,,,"Pee",
"Sleep","2026-01-27 20:00","2026-01-27 22:00","02:00",,,,
"Feed","2026-01-27 19:26",,,"Breast Milk","Bottle","3.5oz",
"Diaper","2026-01-27 19:20",,,,,"Pee:large",
"Pump","2026-01-27 18:33",,,"0ml",,,
"Feed","2026-01-27 17:13",,,"Breast Milk","Bottle","3oz",
"Diaper","2026-01-27 16:46",,,,,"Poo:medium",
"Diaper","2026-01-27 16:15",,,,,"Poo:large",
"Sleep","2026-01-27 15:15","2026-01-27 16:00","00:45",,,,
"Feed","2026-01-27 14:56",,,"Breast Milk","Bottle","3.5oz","spit up at 4:05"
"Diaper","2026-01-27 14:47",,,,,"Pee",
"Pump","2026-01-27 14:18",,,"0ml",,,
"Sleep","2026-01-27 12:31","2026-01-27 14:39","02:07",,,,
"Feed","2026-01-27 12:00",,,"Breast Milk","Bottle","3oz","little spit up during after feed burping "
"Tummy time","2026-01-27 11:56","2026-01-27 11:58","00:02",,,,
"Diaper","2026-01-27 11:55",,,,,"Pee",
"Sleep","2026-01-27 11:20","2026-01-27 11:52","00:32",,,,
"Feed","2026-01-27 09:57",,,"Breast Milk","Bottle","3oz",
"Pump","2026-01-27 09:50",,,"0ml",,,
"Diaper","2026-01-27 09:50",,,,,"Pee",
"Sleep","2026-01-27 09:00","2026-01-27 09:35","00:35",,,,
"Diaper","2026-01-27 08:20",,,,,"Both, poo:large",
"Feed","2026-01-27 08:08",,,"Breast Milk","Bottle","3.5oz","little spit up 8:32"
"Diaper","2026-01-27 07:57",,,,,"Pee",
"Pump","2026-01-27 05:25",,,"0ml",,,
"Sleep","2026-01-27 05:14","2026-01-27 07:53","02:38",,,,
"Feed","2026-01-27 04:58",,,"Breast Milk","Bottle","3.5oz",
"Diaper","2026-01-27 04:53",,,,,"Pee",
"Sleep","2026-01-27 02:15","2026-01-27 04:42","02:27",,,,
"Feed","2026-01-27 01:47",,,"Formula","Bottle","4oz","Very small spit up while burping "
"Diaper","2026-01-27 01:45",,,,,"Pee",
"Pump","2026-01-27 01:10",,,"0ml",,,
"Sleep","2026-01-26 22:33","2026-01-27 01:42","03:09",,,,
"Diaper","2026-01-26 22:15",,,,,"Poo",
"Feed","2026-01-26 21:50",,,"Breast Milk","Bottle","3.5oz",
"Diaper","2026-01-26 21:48",,,,,"Pee",
"Pump","2026-01-26 20:00",,,"0ml",,,
"Sleep","2026-01-26 20:00","2026-01-26 21:45","01:45",,,,
"Feed","2026-01-26 18:53",,,"Breast Milk","Bottle","3oz",
"Diaper","2026-01-26 18:45",,,,,"Pee",
"Pump","2026-01-26 17:59",,,"0ml",,,
"Sleep","2026-01-26 16:57","2026-01-26 17:51","00:54",,,,
"Feed","2026-01-26 16:35",,,"Breast Milk","Bottle","3oz",
"Diaper","2026-01-26 16:31",,,,,"Pee",
"Sleep","2026-01-26 14:55","2026-01-26 16:28","01:32",,,,
"Pump","2026-01-26 14:50",,,"0ml",,,
"Sleep","2026-01-26 14:00","2026-01-26 14:35","00:35",,,,
"Feed","2026-01-26 13:20",,,"Breast Milk","Bottle","3.5oz",
"Diaper","2026-01-26 13:10",,,,,"Pee",
"Feed","2026-01-26 11:21",,,"Breast Milk","Bottle","3.5oz",
"Diaper","2026-01-26 11:20",,,,,"Pee",
"Pump","2026-01-26 10:35",,,"0ml",,,
"Sleep","2026-01-26 09:18","2026-01-26 11:16","01:58",,,,
"Feed","2026-01-26 08:43",,,"Breast Milk","Bottle","3.5oz",
"Diaper","2026-01-26 08:35",,,,,"Pee",
"Pump","2026-01-26 06:13",,,"0ml",,,
"Sleep","2026-01-26 05:56","2026-01-26 08:32","02:35",,,,
"Feed","2026-01-26 05:30",,,"Breast Milk","Bottle","3.5oz",
"Diaper","2026-01-26 05:28",,,,,"Pee",
"Sleep","2026-01-26 02:45","2026-01-26 05:25","02:40",,,,
"Feed","2026-01-26 02:08",,,"Formula","Bottle","4oz","VERY tiny spit up during burping"
"Diaper","2026-01-26 02:07",,"brown","Loose",,"Both, pee:medium poo:medium",
"Pump","2026-01-26 01:24",,,"0ml",,,
"Sleep","2026-01-25 22:49","2026-01-26 02:02","03:13",,,,
"Diaper","2026-01-25 21:46",,,,,"Pee",
"Feed","2026-01-25 21:45",,,"Breast Milk","Bottle","3.5oz","spit up hours after "
"Pump","2026-01-25 20:08",,,"0ml",,,
"Feed","2026-01-25 19:00",,,"Breast Milk","Bottle","3oz",
"Tummy time","2026-01-25 18:37","2026-01-25 18:40","00:02",,,,
"Diaper","2026-01-25 18:34",,,,,"Pee",
"Pump","2026-01-25 18:04",,,"0ml",,,
"Sleep","2026-01-25 17:05","2026-01-25 18:33","01:28",,,,
"Diaper","2026-01-25 16:40",,,,,"Both, pee:large poo:small",
"Feed","2026-01-25 16:15",,,"Breast Milk","Bottle","3oz",
"Pump","2026-01-25 14:40",,,"0ml",,,
"Sleep","2026-01-25 14:10","2026-01-25 16:20","02:10",,,,
"Feed","2026-01-25 13:40",,,"Breast Milk","Bottle","3oz","spit up at 2:10"
"Diaper","2026-01-25 13:25",,,,,"Pee",
"Sleep","2026-01-25 12:49","2026-01-25 13:12","00:23",,,,
"Sleep","2026-01-25 12:05","2026-01-25 12:23","00:17",,,,
"Diaper","2026-01-25 11:38",,,,,"Pee",
"Pump","2026-01-25 11:31",,,"0ml",,,
"Feed","2026-01-25 11:15",,,"Breast Milk","Bottle","3oz","Small spit up"
"Diaper","2026-01-25 10:00",,,,,"Both, poo:large",
"Feed","2026-01-25 09:30",,,"Breast Milk","Bottle","3.5oz",
"Pump","2026-01-25 08:50",,,"0ml",,,
"Sleep","2026-01-25 06:30","2026-01-25 09:23","02:53",,,,
"Feed","2026-01-25 06:00",,,"Breast Milk","Bottle","3.5oz",
"Diaper","2026-01-25 05:47",,,,,"Pee",
"Pump","2026-01-25 03:45",,,"0ml",,,
"Sleep","2026-01-25 03:40","2026-01-25 05:25","01:44",,,,
"Feed","2026-01-25 03:15",,,"Breast Milk","Bottle","3.5oz",
"Diaper","2026-01-25 03:02",,,,,"Pee",
"Pump","2026-01-24 23:50",,,"0ml",,,
"Sleep","2026-01-24 23:35","2026-01-25 02:58","03:23",,,,
"Diaper","2026-01-24 23:07",,,,,"Pee:medium",
"Feed","2026-01-24 23:07",,,"Formula","Bottle","4oz",
"Sleep","2026-01-24 20:00","2026-01-24 23:07","03:07",,,,
"Feed","2026-01-24 19:44",,,"Breast Milk","Bottle","3.5oz",
"Pump","2026-01-24 19:35",,,"0ml",,,
"Sleep","2026-01-24 19:20","2026-01-24 19:38","00:18",,,,
"Diaper","2026-01-24 18:51",,,,,"Poo:large",
"Feed","2026-01-24 17:39",,,"Breast Milk","Bottle","3oz","Spit up 51 min after feed"
"Sleep","2026-01-24 16:50","2026-01-24 17:24","00:34",,,,
"Pump","2026-01-24 16:29",,,"0ml",,,
"Diaper","2026-01-24 16:00",,,,,"Pee",
"Feed","2026-01-24 15:10",,,"Breast Milk","Bottle","3oz",
"Diaper","2026-01-24 14:30",,,,,"Pee",
"Feed","2026-01-24 14:10",,,"Breast Milk","Bottle","1oz",
"Sleep","2026-01-24 12:45","2026-01-24 14:00","01:15",,,,
"Feed","2026-01-24 12:11",,,"Breast Milk","Bottle","3oz",
"Diaper","2026-01-24 12:09",,,,,"Pee:medium",
"Tummy time","2026-01-24 12:05","2026-01-24 12:07","00:02",,,,
"Pump","2026-01-24 11:52",,,"0ml",,,
"Sleep","2026-01-24 11:20","2026-01-24 12:00","00:40",,,,
"Sleep","2026-01-24 10:55","2026-01-24 11:07","00:12",,,,
"Feed","2026-01-24 10:34",,,"Breast Milk","Bottle","1oz",
"Diaper","2026-01-24 10:24",,,,,"Pee",
"Feed","2026-01-24 08:46",,,"Breast Milk","Bottle","3.5oz",
"Diaper","2026-01-24 08:40",,,,,"Pee",
"Pump","2026-01-24 08:28",,,"0ml",,,
"Sleep","2026-01-24 05:25","2026-01-24 08:37","03:11",,,,
"Feed","2026-01-24 04:55",,,"Breast Milk","Bottle","3.5oz",
"Diaper","2026-01-24 04:52",,,,,"Pee",
"Pump","2026-01-24 04:13",,,"0ml",,,
"Sleep","2026-01-24 02:00","2026-01-24 04:50","02:50",,,,
"Feed","2026-01-24 01:17",,,"Formula","Bottle","4oz","Small spit up twice while burping"
"Diaper","2026-01-24 01:15",,,,,"Pee",
"Pump","2026-01-23 23:39",,,"0ml",,,
"Sleep","2026-01-23 23:00","2026-01-24 01:12","02:12",,,,
"Feed","2026-01-23 22:00",,,"Breast Milk","Bottle","1oz",
"Diaper","2026-01-23 21:50",,,,,"Pee",
"Feed","2026-01-23 20:47",,,"Breast Milk","Bottle","3oz",
"Diaper","2026-01-23 20:20",,,,,"Pee",
"Pump","2026-01-23 18:55",,,"0ml",,,
"Sleep","2026-01-23 18:45","2026-01-23 20:20","01:35",,,,
"Diaper","2026-01-23 18:30",,,,,"Poo:large",
"Feed","2026-01-23 18:10",,,"Breast Milk","Bottle","3oz",
"Sleep","2026-01-23 16:40","2026-01-23 18:00","01:20",,,,
"Diaper","2026-01-23 16:20",,,,,"Pee",
"Feed","2026-01-23 15:34",,,"Breast Milk","Bottle","2oz","spit up 1 hour after bottle, spit up again at 6PM"
"Diaper","2026-01-23 15:32",,,,,"Pee",
"Pump","2026-01-23 14:56",,,"0ml",,,
"Sleep","2026-01-23 13:15","2026-01-23 15:28","02:13",,,,
"Feed","2026-01-23 12:30",,,"Breast Milk","Bottle","3oz",
"Diaper","2026-01-23 12:04",,,,,"Pee",
"Pump","2026-01-23 11:48",,,"0ml",,,
"Feed","2026-01-23 10:15",,,"Breast Milk","Bottle","3.5oz","spit up in first burping (halfway through)\nspit up at the end after burping"
"Diaper","2026-01-23 10:14",,,,,"Pee",
"Pump","2026-01-23 08:09",,,"0ml",,,
"Sleep","2026-01-23 08:02","2026-01-23 10:05","02:03",,,,
"Feed","2026-01-23 07:22",,,"Breast Milk","Bottle","3.5oz","little spit up after being swaddled "
"Diaper","2026-01-23 07:20",,,,,"Pee",
"Sleep","2026-01-23 04:03","2026-01-23 07:14","03:11",,,,
"Pump","2026-01-23 03:41",,,"0ml",,,
"Diaper","2026-01-23 03:03",,,,,"Pee:medium",
"Diaper","2026-01-23 02:32",,"brown","Loose",,"Poo:medium",
"Feed","2026-01-23 01:53",,,"Formula","Bottle","4oz",
"Diaper","2026-01-23 01:52",,,,,"Pee:medium",
"Pump","2026-01-23 00:20",,,"0ml",,,
"Sleep","2026-01-22 22:36","2026-01-23 01:47","03:11",,,,
"Feed","2026-01-22 22:00",,,"Breast Milk","Bottle","2oz",
"Diaper","2026-01-22 21:58",,,,,"Pee:medium",
"Pump","2026-01-22 19:53",,,"0ml",,,
"Sleep","2026-01-22 19:52","2026-01-22 21:53","02:01",,,,
"Feed","2026-01-22 19:18",,,"Breast Milk","Bottle","3.5oz",
"Diaper","2026-01-22 18:58",,,,,"Both, poo:large",
"Pump","2026-01-22 18:54",,,"0ml",,,
"Sleep","2026-01-22 17:44","2026-01-22 18:54","01:10",,,,
"Diaper","2026-01-22 16:22",,,,,"Pee",
"Feed","2026-01-22 16:22",,,"Breast Milk","Bottle","3.5oz",
"Sleep","2026-01-22 16:05","2026-01-22 16:19","00:13",,,,
"Tummy time","2026-01-22 15:33","2026-01-22 15:36","00:03",,,,
"Pump","2026-01-22 15:21",,,"0ml",,,
"Diaper","2026-01-22 14:30",,,,,"Pee:medium",
"Feed","2026-01-22 14:30",,,"Breast Milk","Bottle","1oz",
"Sleep","2026-01-22 13:30","2026-01-22 14:20","00:50",,,,
"Feed","2026-01-22 13:11",,,"Breast Milk","Bottle","3oz",
"Diaper","2026-01-22 13:10",,,,,"Both, poo:medium",
"Pump","2026-01-22 11:40",,,"0ml",,,
"Sleep","2026-01-22 11:00","2026-01-22 13:04","02:04",,,,
"Feed","2026-01-22 10:37",,,"Breast Milk","Bottle","3.5oz",
"Diaper","2026-01-22 10:25",,,,,"Pee:medium",
"Sleep","2026-01-22 09:55","2026-01-22 10:10","00:15",,,,
"Sleep","2026-01-22 08:27","2026-01-22 09:47","01:19",,,,
"Diaper","2026-01-22 08:03",,,,,"Pee",
"Pump","2026-01-22 08:00",,,"0ml",,,
"Sleep","2026-01-22 07:40","2026-01-22 08:04","00:24",,,,
"Feed","2026-01-22 07:00",,,"Breast Milk","Bottle","3.5oz",
"Diaper","2026-01-22 06:58",,,,,"Pee",
"Pump","2026-01-22 04:10",,,"0ml",,,
"Sleep","2026-01-22 03:55","2026-01-22 06:52","02:57",,,,
"Feed","2026-01-22 03:30",,,"Breast Milk","Bottle","3.5oz",
"Diaper","2026-01-22 03:25",,,,,"Both, poo:large",
"Sleep","2026-01-22 00:36","2026-01-22 03:22","02:46",,,,
"Diaper","2026-01-22 00:07",,,,,"Poo:medium",
"Diaper","2026-01-22 00:05",,,,,"Pee",
"Feed","2026-01-21 23:54",,,"Formula","Bottle","3oz",
"Pump","2026-01-21 23:53",,,"0ml",,,
"Sleep","2026-01-21 21:46","2026-01-21 23:46","02:00",,,,
"Feed","2026-01-21 20:45",,,"Breast Milk","Bottle","3.5oz",
"Diaper","2026-01-21 19:39",,,,,"Pee:large",
"Pump","2026-01-21 19:29",,,"0ml",,,
"Feed","2026-01-21 18:50",,,"Breast Milk","Bottle","1.5oz",
"Diaper","2026-01-21 18:30",,,,,"Both",
"Feed","2026-01-21 18:10",,,"Breast Milk","Bottle","2oz",
"Pump","2026-01-21 16:46",,,"0ml",,,
"Sleep","2026-01-21 16:10","2026-01-21 17:45","01:35",,,,
"Feed","2026-01-21 15:30",,,"Breast Milk","Bottle","3.5oz",
"Diaper","2026-01-21 15:28",,,,,"Pee",
"Pump","2026-01-21 14:26",,,"0ml",,,
"Sleep","2026-01-21 13:53","2026-01-21 15:25","01:32",,,,
"Diaper","2026-01-21 13:40",,,,,"Pee",
"Feed","2026-01-21 12:39",,,"Breast Milk","Bottle","3oz",
"Tummy time","2026-01-21 11:56","2026-01-21 11:57","00:01",,,,
"Diaper","2026-01-21 11:48",,,,,"Pee",
"Pump","2026-01-21 11:22",,,"0ml",,,
"Sleep","2026-01-21 11:10","2026-01-21 11:46","00:36",,,,
"Sleep","2026-01-21 10:30","2026-01-21 10:48","00:18",,,,
"Feed","2026-01-21 09:50",,,"Breast Milk","Bottle","3.5oz",
"Diaper","2026-01-21 09:48",,,,,"Pee:large",
"Pump","2026-01-21 07:30",,,"0ml",,,
"Sleep","2026-01-21 07:20","2026-01-21 09:40","02:20",,,,
"Feed","2026-01-21 06:53",,,"Breast Milk","Bottle","3.5oz",
"Diaper","2026-01-21 06:52",,,,,"Pee",
"Pump","2026-01-21 04:58",,,"0ml",,,
"Sleep","2026-01-21 04:50","2026-01-21 06:40","01:50",,,,
"Feed","2026-01-21 03:58",,,"Breast Milk","Bottle","2oz",
"Diaper","2026-01-21 03:55",,,,,"Pee",
"Sleep","2026-01-21 01:15","2026-01-21 03:53","02:37",,,,
"Feed","2026-01-21 00:39",,,"Formula","Bottle","1.5oz",
"Diaper","2026-01-21 00:38",,,,,"Pee:medium",
"Pump","2026-01-21 00:19",,,"0ml",,,
"Sleep","2026-01-20 23:00","2026-01-21 00:35","01:35",,,,
"Feed","2026-01-20 22:20",,,"Breast Milk","Bottle","3oz",
"Diaper","2026-01-20 22:15",,"brown",,,"Poo:large",
"Sleep","2026-01-20 20:14","2026-01-20 21:30","01:16",,,,
"Pump","2026-01-20 20:03",,,"0ml",,,
"Feed","2026-01-20 20:00",,,"Breast Milk","Bottle","1oz",
"Feed","2026-01-20 19:09",,,"Breast Milk","Bottle","1oz",
"Diaper","2026-01-20 18:55",,"brown","Runny",,"Poo:large","Formula poop"
"Tummy time","2026-01-20 18:22","2026-01-20 18:25","00:03",,,,
"Pump","2026-01-20 18:10",,,"0ml",,,
"Feed","2026-01-20 17:37",,,"Breast Milk","Bottle","3oz",
"Diaper","2026-01-20 17:36",,,,,"Pee:medium",
"Sleep","2026-01-20 16:58","2026-01-20 17:36","00:37",,,,
"Feed","2026-01-20 16:40",,,"Breast Milk","Bottle","1oz",
"Diaper","2026-01-20 16:39",,,,,"Pee:large",
"Pump","2026-01-20 15:04",,,"0ml",,,
"Sleep","2026-01-20 15:04","2026-01-20 16:28","01:24",,,,
"Feed","2026-01-20 14:38",,,"Breast Milk","Bottle","3oz",
"Diaper","2026-01-20 14:30",,,,,"Both, pee:medium poo:small",
"Sleep","2026-01-20 12:50","2026-01-20 14:30","01:39",,,,
"Sleep","2026-01-20 12:21","2026-01-20 12:30","00:08",,,,
"Feed","2026-01-20 11:30",,,"Breast Milk","Bottle","4oz",
"Pump","2026-01-20 11:11",,,"0ml",,,
"Sleep","2026-01-20 10:15","2026-01-20 11:33","01:18",,,,
"Diaper","2026-01-20 09:45",,,,,"Pee:large",
"Pump","2026-01-20 08:20",,,"0ml",,,
"Diaper","2026-01-20 07:54",,,,,"Both, pee:large poo:small",
"Feed","2026-01-20 07:54",,,"Breast Milk","Bottle","4oz",
"Sleep","2026-01-20 04:47","2026-01-20 07:47","03:00",,,,
"Feed","2026-01-20 04:19",,,"Breast Milk","Bottle","4oz",
"Diaper","2026-01-20 04:18",,,,,"Both, pee:large poo:small",
"Pump","2026-01-20 04:04",,,"0ml",,,
"Sleep","2026-01-20 01:42","2026-01-20 04:13","02:30",,,,
"Diaper","2026-01-20 00:20",,"brown","Loose",,"Poo:medium",
"Diaper","2026-01-20 00:00",,,,,"Pee",
"Feed","2026-01-20 00:00",,,"Formula","Bottle","4oz",
"Pump","2026-01-19 23:49",,,"0ml",,,
"Sleep","2026-01-19 21:29","2026-01-19 23:55","02:26",,,,
"Diaper","2026-01-19 20:29",,,,,"Pee:medium",
"Feed","2026-01-19 20:29",,,"Breast Milk","Bottle","3.5oz",
"Pump","2026-01-19 18:48",,,"0ml",,,
"Sleep","2026-01-19 18:00","2026-01-19 20:25","02:25",,,,
"Diaper","2026-01-19 17:36",,,,,"Pee:medium",
"Feed","2026-01-19 17:36",,,"Breast Milk","Bottle","3oz",
"Sleep","2026-01-19 15:33","2026-01-19 17:32","01:59",,,,
"Pump","2026-01-19 15:32",,,"0ml",,,
"Diaper","2026-01-19 15:13",,"brown",,,"Poo:medium",
"Feed","2026-01-19 14:09",,,"Breast Milk","Bottle","3oz",
"Feed","2026-01-19 13:30",,,"Breast Milk","Bottle","1oz",
"Diaper","2026-01-19 13:15",,,,,"Pee:medium",
"Sleep","2026-01-19 12:31","2026-01-19 13:15","00:43",,,,
"Feed","2026-01-19 11:17",,,"Breast Milk","Bottle","3oz",
"Diaper","2026-01-19 11:11",,,,,"Both","\"explosive\" "
"Pump","2026-01-19 11:06",,,"0ml",,,
"Sleep","2026-01-19 10:10","2026-01-19 11:08","00:58",,,,
"Feed","2026-01-19 09:45",,,"Breast Milk","Bottle","1oz",
"Diaper","2026-01-19 08:30",,"brown","Loose",,"Poo:medium",
"Diaper","2026-01-19 08:20",,"brown","Loose",,"Both, pee:small poo:medium",
"Feed","2026-01-19 08:10",,,"Breast Milk","Bottle","3oz",
"Pump","2026-01-19 07:54",,,"0ml",,,
"Sleep","2026-01-19 05:07","2026-01-19 08:16","03:08",,,,
"Diaper","2026-01-19 04:51",,,,,"Poo:small","barely anything lol"
"Feed","2026-01-19 04:50",,,"Breast Milk","Bottle","3oz",
"Pump","2026-01-19 04:34",,,"0ml",,,
"Sleep","2026-01-19 02:40","2026-01-19 04:41","02:01",,,,"Cried in bassinet but went back to sleep 4:33 (did not stop timer)"
"Feed","2026-01-19 00:36",,,"Formula","Bottle","4oz","First similac 360"
"Diaper","2026-01-19 00:33",,,,,"Pee:medium",
"Pump","2026-01-18 23:54",,,"0ml",,,
"Sleep","2026-01-18 22:30","2026-01-19 00:32","02:02",,,,
"Diaper","2026-01-18 21:30",,,,,"Poo:medium",
"Feed","2026-01-18 21:10",,,"Breast Milk","Bottle","3oz",
"Pump","2026-01-18 19:30",,,"0ml",,,
"Sleep","2026-01-18 18:34","2026-01-18 21:00","02:25",,,,
"Feed","2026-01-18 18:10",,,"Breast Milk","Bottle","3oz",
"Bath","2026-01-18 18:00","2026-01-18 18:08","00:08",,,,
"Diaper","2026-01-18 17:58",,,,,"Pee:large",
"Sleep","2026-01-18 17:00","2026-01-18 17:58","00:58",,,,
"Sleep","2026-01-18 16:01","2026-01-18 16:47","00:46",,,,
"Feed","2026-01-18 15:29",,,"Breast Milk","Bottle","3oz",
"Pump","2026-01-18 15:27",,,"0ml",,,
"Tummy time","2026-01-18 15:26","2026-01-18 15:28","00:01",,,,
"Diaper","2026-01-18 15:25",,,,,"Pee",
"Sleep","2026-01-18 13:10","2026-01-18 15:22","02:12",,,,
"Diaper","2026-01-18 12:58",,"brown","Loose",,"Poo:large","\"Like a cannon\" -할머니"
"Feed","2026-01-18 12:30",,,"Breast Milk","Bottle","3oz",
"Pump","2026-01-18 12:06",,,"0ml",,,
"Sleep","2026-01-18 10:53","2026-01-18 12:22","01:29",,,,
"Sleep","2026-01-18 10:27","2026-01-18 10:33","00:05",,,,
"Feed","2026-01-18 09:54",,,"Breast Milk","Bottle","3oz",
"Feed","2026-01-18 09:00",,,"Breast Milk","Bottle","1oz",
"Diaper","2026-01-18 08:45",,,,,"Pee:large",
"Pump","2026-01-18 07:48",,,"0ml",,,
"Sleep","2026-01-18 07:33","2026-01-18 08:41","01:07",,,,
"Diaper","2026-01-18 07:10",,,,,"Both, poo:small",
"Feed","2026-01-18 07:04",,,"Breast Milk","Bottle","3oz",
"Pump","2026-01-18 04:49",,,"0ml",,,
"Sleep","2026-01-18 04:38","2026-01-18 06:59","02:20",,,,
"Feed","2026-01-18 04:10",,,"Breast Milk","Bottle","3oz",
"Diaper","2026-01-18 04:09",,,,,"Pee",
"Pump","2026-01-18 01:39",,,"0ml",,,
"Sleep","2026-01-18 00:26","2026-01-18 04:02","03:35",,,,
"Diaper","2026-01-18 00:13",,,,,"Pee:small",
"Feed","2026-01-17 23:51",,,"Formula","Bottle","4oz",
"Sleep","2026-01-17 22:10","2026-01-17 23:47","01:37",,,,
"Diaper","2026-01-17 21:57",,"brown","Loose",,"Poo:large",
"Feed","2026-01-17 21:36",,,"Breast Milk","Bottle","1oz",
"Diaper","2026-01-17 21:10",,,,,"Pee:small",
"Tummy time","2026-01-17 21:06","2026-01-17 21:09","00:02",,,,
"Feed","2026-01-17 20:05",,,"Breast Milk","Bottle","3oz",
"Diaper","2026-01-17 20:04",,,,,"Both, pee:medium poo:small",
"Pump","2026-01-17 19:40",,,"0ml",,,
"Sleep","2026-01-17 17:45","2026-01-17 20:00","02:15",,,,
"Pump","2026-01-17 17:32",,,"0ml",,,
"Diaper","2026-01-17 17:32",,,,,"Pee",
"Feed","2026-01-17 17:30",,,"Breast Milk","Bottle","2oz",
"Sleep","2026-01-17 16:30","2026-01-17 17:33","01:03",,,,
"Diaper","2026-01-17 16:23",,"brown",,,"Poo:small",
"Pump","2026-01-17 15:13",,,"0ml",,,
"Feed","2026-01-17 14:25",,,"Breast Milk","Bottle","3oz",
"Sleep","2026-01-17 12:00","2026-01-17 14:00","02:00",,,,
"Pump","2026-01-17 11:55",,,"0ml",,,
"Feed","2026-01-17 11:40",,,"Breast Milk","Bottle","3oz",
"Sleep","2026-01-17 10:25","2026-01-17 10:35","00:10",,,,
"Feed","2026-01-17 10:05",,,"Breast Milk","Bottle","0.75oz",
"Feed","2026-01-17 08:50",,,"Breast Milk","Bottle","3oz",
"Diaper","2026-01-17 08:45",,,,,"Pee",
"Pump","2026-01-17 07:07",,,"0ml",,,
"Sleep","2026-01-17 06:00","2026-01-17 08:31","02:31",,,,
"Diaper","2026-01-17 05:28",,,,,"Pee",
"Feed","2026-01-17 05:25",,,"Breast Milk","Bottle","3oz",
"Pump","2026-01-17 03:23",,,"0ml",,,
"Sleep","2026-01-17 03:13","2026-01-17 05:24","02:11",,,,
"Feed","2026-01-17 02:39",,,"Breast Milk","Bottle","1oz",
"Diaper","2026-01-17 02:10",,"brown","Loose",,"Both, pee:medium poo:medium",
"Feed","2026-01-17 01:41",,,"Breast Milk","Bottle","3oz",
"Diaper","2026-01-17 01:35",,,,,"Pee:medium",
"Pump","2026-01-16 23:43",,,"0ml",,,
"Sleep","2026-01-16 23:30","2026-01-17 01:32","02:02",,,,
"Diaper","2026-01-16 23:08",,,,,"Pee",
"Feed","2026-01-16 23:08",,,"Formula","Bottle","1.5oz",
"Sleep","2026-01-16 21:40","2026-01-16 22:59","01:19",,,,
"Feed","2026-01-16 20:40",,,"Breast Milk","Bottle","3oz",
"Sleep","2026-01-16 18:27","2026-01-16 20:09","01:42",,,,
"Pump","2026-01-16 18:07",,,"0ml",,,
"Feed","2026-01-16 18:05",,,"Breast Milk","Bottle","2oz",
"Diaper","2026-01-16 17:44",,"brown","Loose",,"Poo:medium",
"Diaper","2026-01-16 17:26",,,,,"Pee:medium",
"Sleep","2026-01-16 17:11","2026-01-16 17:17","00:05",,,,
"Sleep","2026-01-16 15:42","2026-01-16 17:10","01:28",,,,
"Pump","2026-01-16 15:22",,,"0ml",,,
"Feed","2026-01-16 15:20",,,"Breast Milk","Bottle","3oz",
"Tummy time","2026-01-16 15:17","2026-01-16 15:18","00:01",,,,
"Diaper","2026-01-16 15:16",,,,,"Pee:medium",
"Sleep","2026-01-16 14:28","2026-01-16 15:12","00:44",,,,
"Sleep","2026-01-16 13:50","2026-01-16 14:19","00:29",,,,
"Tummy time","2026-01-16 12:56","2026-01-16 12:59","00:02",,,,
"Diaper","2026-01-16 12:43",,,,,"Pee:small",
"Feed","2026-01-16 12:13",,,"Breast Milk","Bottle","3oz",
"Pump","2026-01-16 11:52",,,"0ml",,,
"Sleep","2026-01-16 11:35","2026-01-16 12:00","00:25",,,,
"Diaper","2026-01-16 11:15",,,,,"Pee:medium",
"Sleep","2026-01-16 10:26","2026-01-16 11:04","00:37",,,,
"Feed","2026-01-16 10:10",,,"Breast Milk","Bottle","1.25oz",
"Diaper","2026-01-16 09:35",,"yellow","Loose",,"Poo:medium",
"Feed","2026-01-16 09:30",,,"Breast Milk","Bottle","1oz",
"Tummy time","2026-01-16 08:35","2026-01-16 08:37","00:02",,,,
"Diaper","2026-01-16 08:30",,"yellow","Loose",,"Both, pee:small poo:large",
"Pump","2026-01-16 08:12",,,"0ml",,,
"Feed","2026-01-16 08:00",,,"Breast Milk","Bottle","3oz",
"Sleep","2026-01-16 06:05","2026-01-16 08:00","01:54",,,,
"Diaper","2026-01-16 05:35",,,,,"Pee",
"Feed","2026-01-16 05:33",,,"Breast Milk","Bottle","2.5oz",
"Pump","2026-01-16 04:00",,,"0ml",,,
"Diaper","2026-01-16 03:15",,"brown","Loose",,"Poo:medium",
"Feed","2026-01-16 03:00",,,"Formula","Bottle","4oz",
"Diaper","2026-01-16 02:55",,,,,"Pee:medium",
"Feed","2026-01-15 23:44",,,"Breast Milk","Bottle","1oz",
"Diaper","2026-01-15 23:36",,,,,"Pee:large",
"Pump","2026-01-15 23:31",,,"0ml",,,
"Diaper","2026-01-15 22:00",,,,,"Pee",
"Feed","2026-01-15 22:00",,,"Breast Milk","Bottle","3oz",
"Pump","2026-01-15 19:18",,,"0ml",,,
"Diaper","2026-01-15 19:15",,"brown","Runny",,"Both, pee:medium poo:medium","Diarrhea??"
"Feed","2026-01-15 19:00",,,"Breast Milk","Bottle","3oz",
"Pump","2026-01-15 16:56",,,"0ml",,,
"Diaper","2026-01-15 16:00",,,,,"Pee",
"Feed","2026-01-15 16:00",,,"Breast Milk","Bottle","3oz",
"Pump","2026-01-15 13:44",,,"0ml",,,
"Feed","2026-01-15 12:45",,,"Breast Milk","Bottle","3oz",
"Diaper","2026-01-15 12:13",,,,,"Pee:large",
"Feed","2026-01-15 11:40",,,"Breast Milk","Bottle","1oz",
"Tummy time","2026-01-15 10:49","2026-01-15 10:52","00:03",,,,
"Tummy time","2026-01-15 10:30","2026-01-15 10:33","00:03",,,,
"Pump","2026-01-15 10:17",,,"0ml",,,
"Diaper","2026-01-15 10:07",,"brown","Loose",,"Poo:medium",
"Feed","2026-01-15 09:45",,,"Breast Milk","Bottle","3oz",
"Diaper","2026-01-15 09:37",,,,,"Pee:medium",
"Diaper","2026-01-15 07:06",,,,,"Pee",
"Feed","2026-01-15 06:15",,,"Formula","Bottle","2oz",
"Diaper","2026-01-15 06:10",,"brown",,,"Both, poo:small",
"Pump","2026-01-15 05:15",,,"0ml",,,
"Feed","2026-01-15 03:50",,,"Formula","Bottle","1.5oz",
"Diaper","2026-01-15 03:41",,,,,"Pee:small",
"Diaper","2026-01-15 02:47",,,,,"Pee:medium",
"Feed","2026-01-15 02:47",,,"Formula","Bottle","2.5oz",
"Sleep","2026-01-15 01:15","2026-01-15 02:45","01:30",,,,
"Feed","2026-01-15 00:38",,,"Breast Milk","Bottle","1.5oz",
"Pump","2026-01-15 00:37",,,"0ml",,,
"Diaper","2026-01-15 00:35",,,,,"Pee:small",
"Feed","2026-01-14 21:00",,,"Breast Milk","Bottle","3oz",
"Pump","2026-01-14 19:47",,,"0ml",,,
"Feed","2026-01-14 18:30",,,"Breast Milk","Bottle","1oz",
"Pump","2026-01-14 17:12",,,"0ml",,,
"Feed","2026-01-14 16:50",,,"Formula","Bottle","3oz",
"Diaper","2026-01-14 16:45",,,,,"Pee:large",
"Pump","2026-01-14 14:38",,,"0ml",,,
"Pump","2026-01-14 11:27",,,"0ml",,,
"Diaper","2026-01-14 10:02",,"brown","Loose",,"Both, pee:medium poo:small",
"Tummy time","2026-01-14 09:50","2026-01-14 09:52","00:01",,,,
"Tummy time","2026-01-14 09:22","2026-01-14 09:24","00:02",,,,
"Diaper","2026-01-14 08:23",,,,,"Both, poo:large",
"Pump","2026-01-14 07:51",,,"0ml",,,
"Sleep","2026-01-14 06:01","2026-01-14 08:23","02:21",,,,
"Diaper","2026-01-14 05:27",,,,,"Both, pee:small poo:small",
"Feed","2026-01-14 05:27",,,"Formula","Bottle","2oz",
"Pump","2026-01-14 04:07",,,"0ml",,,
"Diaper","2026-01-14 02:20",,"brown","Loose",,"Poo:large",
"Feed","2026-01-14 01:56",,,"Formula","Bottle","4oz","Spit up onto chair. Maybe 0.5 oz. "
"Diaper","2026-01-14 01:50",,,,,"Pee:medium",
"Sleep","2026-01-14 00:01","2026-01-14 01:56","01:55",,,,
"Feed","2026-01-13 23:48",,,"Breast Milk","Bottle","0.5oz",
"Pump","2026-01-13 23:23",,,"0ml",,,
"Diaper","2026-01-13 23:00",,,,,"Pee",
"Feed","2026-01-13 23:00",,,"Breast Milk","Bottle","0.5oz",
"Diaper","2026-01-13 21:00",,,,,"Pee",
"Feed","2026-01-13 21:00",,,"Breast Milk","Bottle","3oz",
"Pump","2026-01-13 19:21",,,"0ml",,,
"Diaper","2026-01-13 18:09",,,,,"Pee",
"Feed","2026-01-13 18:00",,,"Breast Milk","Bottle","3oz",
"Pump","2026-01-13 16:19",,,"0ml",,,
"Diaper","2026-01-13 16:00",,,,,"Both",
"Feed","2026-01-13 15:50",,,"Breast Milk","Bottle","2oz",
"Diaper","2026-01-13 15:00",,,,,"Poo",
"Pump","2026-01-13 13:26",,,"0ml",,,
"Pump","2026-01-13 11:02",,,"0ml",,,
"Diaper","2026-01-13 10:30",,,,,"Pee",
"Feed","2026-01-13 10:30",,,"Breast Milk","Bottle","1oz",
"Diaper","2026-01-13 09:30",,,,,"Pee",
"Feed","2026-01-13 09:30",,,"Breast Milk","Bottle","1.5oz",
"Feed","2026-01-13 08:30",,,"Breast Milk","Bottle","1.5oz",
"Pump","2026-01-13 07:29",,,"0ml",,,
"Feed","2026-01-13 05:55",,,"Formula","Bottle","4oz",
"Diaper","2026-01-13 05:50",,,,,"Pee:medium",
"Diaper","2026-01-13 03:50",,,,,"Pee:medium",
"Pump","2026-01-13 03:28",,,"0ml",,,
"Feed","2026-01-13 02:55",,,"Formula","Bottle","4oz",
"Diaper","2026-01-13 02:53",,,,,"Pee:medium",
"Feed","2026-01-13 01:20",,,"Formula","Bottle","1oz",
"Diaper","2026-01-13 01:10",,,,,"Both",
"Pump","2026-01-12 23:30",,,"0ml",,,
"Feed","2026-01-12 22:40",,,"Breast Milk","Bottle","3oz",
"Feed","2026-01-12 19:30",,,"Breast Milk","Bottle","3oz",
"Pump","2026-01-12 17:38",,,"0ml",,,
"Feed","2026-01-12 16:40",,,"Breast Milk","Bottle","3oz",
"Diaper","2026-01-12 14:48",,,,,"Both, pee:medium poo:large",
"Diaper","2026-01-12 14:24",,,,,"Pee",
"Tummy time","2026-01-12 14:14","2026-01-12 14:15","00:00",,,,
"Pump","2026-01-12 14:01",,,"0ml",,,
"Feed","2026-01-12 13:15",,,"Breast Milk","Bottle","3oz",
"Tummy time","2026-01-12 11:08","2026-01-12 11:10","00:02",,,,
"Tummy time","2026-01-12 11:05","2026-01-12 11:06","00:00",,,,
"Diaper","2026-01-12 10:50",,"brown","Loose",,"Both, pee:medium poo:medium",
"Pump","2026-01-12 10:29",,,"0ml",,,
"Feed","2026-01-12 10:28",,,"Breast Milk","Bottle","3oz",
"Feed","2026-01-12 09:15",,,"Breast Milk","Bottle","1oz",
"Diaper","2026-01-12 08:05",,,,,"Pee",
"Feed","2026-01-12 08:05",,,"Breast Milk","Bottle","3oz",
"Pump","2026-01-12 06:49",,,"0ml",,,
"Feed","2026-01-12 05:34",,,"Formula","Bottle","2.25oz",
"Diaper","2026-01-12 05:32",,,,,"Pee:medium",
"Diaper","2026-01-12 03:10",,"brown",,,"Both, poo:large",
"Feed","2026-01-12 03:10",,,"Formula","Bottle","3oz",
"Pump","2026-01-12 01:56",,,"0ml",,,
"Diaper","2026-01-12 00:10",,"brown","Loose",,"Poo:large",
"Feed","2026-01-11 23:45",,,"Formula","Bottle","115ml",
"Diaper","2026-01-11 23:40",,"brown","Loose",,"Both, pee:medium poo:small",
"Feed","2026-01-11 21:00",,,"Breast Milk","Bottle","60ml",
"Pump","2026-01-11 20:48",,,"0ml",,,
"Feed","2026-01-11 20:30",,,"Breast Milk","Bottle","30ml",
"Diaper","2026-01-11 19:10",,,,,"Pee:small",
"Feed","2026-01-11 19:00",,,"Breast Milk","Bottle","90ml",
"Pump","2026-01-11 17:40",,,"0ml",,,
"Feed","2026-01-11 16:00",,,"Breast Milk","Bottle","95ml",
"Diaper","2026-01-11 15:50",,,,,"Pee:small",
"Feed","2026-01-11 13:50",,,"Breast Milk","Bottle","35ml",
"Diaper","2026-01-11 13:45",,,,,"Poo:large",
"Pump","2026-01-11 13:40",,,"0ml",,,
"Feed","2026-01-11 13:38",,,"Breast Milk","Bottle","40ml",
"Diaper","2026-01-11 13:33",,"brown","Loose",,"Both, pee:medium poo:small",
"Feed","2026-01-11 11:40",,,"Breast Milk","Bottle","2oz",
"Feed","2026-01-11 11:25",,,"Breast Milk","Bottle","1oz",
"Feed","2026-01-11 09:00",,,"Breast Milk","Bottle","1oz",
"Feed","2026-01-11 08:00",,,"Breast Milk","Bottle","3oz",
"Pump","2026-01-11 07:43",,,"0ml",,,
"Feed","2026-01-11 05:35",,,"Formula","Bottle","2oz",
"Diaper","2026-01-11 05:30",,"brown","Loose",,"Both, pee:medium poo:small",
"Pump","2026-01-11 03:09",,,"0ml",,,
"Diaper","2026-01-11 02:47",,,,,"Poo:large",
"Diaper","2026-01-11 02:16",,,,,"Pee:small",
"Feed","2026-01-11 02:15",,,"Formula","Bottle","3oz",
"Diaper","2026-01-10 23:45",,"brown","Loose",,"Poo:large",
"Feed","2026-01-10 23:25",,,"Formula","Bottle","4oz",
"Diaper","2026-01-10 23:20",,,,,"Pee:medium",
"Pump","2026-01-10 21:22",,,"0ml",,,
"Diaper","2026-01-10 20:23",,,,,"Pee:large",
"Feed","2026-01-10 20:23",,,"Breast Milk","Bottle","3oz",
"Pump","2026-01-10 18:59",,,"0ml",,,
"Feed","2026-01-10 17:25",,,"Breast Milk","Bottle","3oz",
"Diaper","2026-01-10 16:52",,,,,"Both, pee:large poo:large",
"Pump","2026-01-10 15:25",,,"0ml",,,
"Feed","2026-01-10 15:00",,,"Breast Milk","Bottle","3oz",
"Diaper","2026-01-10 14:58",,"brown","Loose",,"Both, pee:medium poo:medium",
"Feed","2026-01-10 13:10",,,"Breast Milk","Bottle","1.5oz",
"Pump","2026-01-10 13:03",,,"0ml",,,
"Tummy time","2026-01-10 12:22","2026-01-10 12:25","00:03",,,,
"Feed","2026-01-10 11:35",,,"Breast Milk","Bottle","3oz",
"Diaper","2026-01-10 11:33",,,,,"Pee:medium",
"Pump","2026-01-10 09:10",,,"0ml",,,
"Diaper","2026-01-10 08:40",,,,,"Both",
"Feed","2026-01-10 08:30",,,"Breast Milk","Bottle","3.5oz",
"Diaper","2026-01-10 05:50",,,,,"Poo:small",
"Feed","2026-01-10 05:50",,,"Formula","Bottle","4oz",
"Pump","2026-01-10 04:54",,,"0ml",,,
"Feed","2026-01-10 03:00",,,"Formula","Bottle","4oz",
"Diaper","2026-01-10 02:55",,"brown","Loose",,"Both, pee:large poo:large",
"Pump","2026-01-09 23:35",,,"0ml",,,
"Feed","2026-01-09 23:08",,,"Formula","Bottle","4oz",
"Feed","2026-01-09 20:37",,,"Formula","Bottle","3oz",
"Diaper","2026-01-09 20:30",,,,,"Pee:medium",
"Pump","2026-01-09 20:14",,,"0ml",,,
"Feed","2026-01-09 18:00",,,"Breast Milk","Bottle","2.5oz",
"Diaper","2026-01-09 17:45",,"brown","Solid",,"Poo:large",
"Pump","2026-01-09 17:22",,,"0ml",,,
"Pump","2026-01-09 13:25",,,"0ml",,,
"Diaper","2026-01-09 11:08",,,,,"Both, pee:small poo:small",
"Feed","2026-01-09 10:33",,,"Breast Milk","Bottle","3oz",
"Feed","2026-01-09 09:15",,,"Breast Milk","Bottle","1oz",
"Diaper","2026-01-09 09:00",,,,,"Pee:medium",
"Feed","2026-01-09 08:30",,,"Breast Milk","Bottle","1oz",
"Pump","2026-01-09 07:10",,,"0ml",,,
"Diaper","2026-01-09 06:30",,,,,"Both",
"Feed","2026-01-09 06:30",,,"Formula","Bottle","3.5oz",
"Diaper","2026-01-09 04:14",,"yellow",,,"Both, pee:medium poo:medium",
"Pump","2026-01-09 03:50",,,"0ml",,,
"Feed","2026-01-09 03:50",,,"Formula","Bottle","4.06oz",
"Diaper","2026-01-09 01:05",,,,,"Pee:small",
"Diaper","2026-01-09 00:30",,,,,"Pee:medium",
"Feed","2026-01-09 00:30",,,"Formula","Bottle","4.06oz",
"Pump","2026-01-09 00:07",,,"0ml",,,
"Diaper","2026-01-08 22:30",,,,,"Pee:medium",
"Feed","2026-01-08 22:10",,,"Formula","Bottle","120ml",
"Diaper","2026-01-08 22:04",,,,,"Pee:medium",
"Pump","2026-01-08 19:40",,,"0ml",,,
"Feed","2026-01-08 19:35",,,"Formula","Bottle","90ml",
"Diaper","2026-01-08 19:05",,,,,"Pee:medium",
"Pump","2026-01-08 16:26",,,"0ml",,,
"Growth","2026-01-08 12:25",,,"9.09lbs.oz","1.71ft.in",,
"Pump","2026-01-08 12:20",,,"0ml",,,
"Pump","2026-01-08 09:34",,,"0ml",,,
"Pump","2026-01-08 07:08",,,"0ml",,,
"Pump","2026-01-08 03:24",,,"0ml",,,
"Pump","2026-01-08 00:48",,,"0ml",,,
"Pump","2026-01-07 23:10",,,"0ml",,,
"Pump","2026-01-07 20:05",,,"0ml",,,
"Pump","2026-01-07 17:31",,,"0ml",,,
"Pump","2026-01-07 15:00",,,"0ml",,,
"Pump","2026-01-07 13:12",,,"0ml",,,
"Pump","2026-01-07 11:11",,,"0ml",,,
"Feed","2026-01-07 10:00",,,"Breast Milk","Bottle","90ml",
"Pump","2026-01-07 08:32",,,"0ml",,,
"Pump","2026-01-07 07:36",,,"0ml",,,
"Feed","2026-01-07 07:32",,,"Breast Milk","Bottle","90ml",
"Feed","2026-01-07 05:05",,,"Breast Milk","Bottle","90ml",
"Pump","2026-01-07 04:22",,,"0ml",,,
"Pump","2026-01-07 00:48",,,"0ml",,,
"Feed","2026-01-07 00:05",,,"Breast Milk","Bottle","90ml",
"Feed","2026-01-06 22:10",,,"Breast Milk","Bottle","30ml",
"Diaper","2026-01-06 22:00",,,,,"Pee:large",
"Feed","2026-01-06 21:51",,,"Breast Milk","Bottle","90ml",
"Pump","2026-01-06 20:29",,,"0ml",,,
"Pump","2026-01-06 18:28",,,"0ml",,,
"Pump","2026-01-06 16:24",,,"0ml",,,
"Feed","2026-01-06 14:27",,,"Breast Milk","Bottle","80ml",
"Pump","2026-01-06 14:12",,,"0ml",,,
"Pump","2026-01-06 11:34",,,"30ml",,,
"Feed","2026-01-06 11:15",,,"Breast Milk","Bottle",,
"Pump","2026-01-06 09:29",,,"0ml",,,
"Pump","2026-01-06 06:45",,,"0ml",,,
"Feed","2026-01-06 06:15",,,"Breast Milk","Bottle","0ml",
"Pump","2026-01-06 06:12",,,"0ml",,,
"Diaper","2026-01-06 04:01",,"yellow","Loose",,"Poo:medium",
"Feed","2026-01-06 03:42",,,"Breast Milk","Bottle","85ml",
"Diaper","2026-01-06 03:40",,,,,"Pee:medium",
"Pump","2026-01-06 01:46",,,"0ml",,,
"Diaper","2026-01-06 01:45",,,,,"Both, pee:medium poo:small",
"Feed","2026-01-06 01:10",,,"Breast Milk","Bottle","85ml",
"Feed","2026-01-05 22:15",,,"Breast Milk","Bottle","85ml",
"Pump","2026-01-05 20:33",,,"0ml",,,
"Feed","2026-01-05 19:58",,,"Breast Milk","Bottle","78ml",
"Feed","2026-01-05 19:53","2026-01-05 19:58","00:05",,"Breast","00:05L",
"Pump","2026-01-05 18:33",,,"0ml",,,
"Sleep","2026-01-05 17:17","2026-01-05 19:45","02:28",,,,
"Feed","2026-01-05 17:07",,,"Breast Milk","Bottle","30ml",
"Feed","2026-01-05 16:45",,,"Breast Milk","Bottle","80ml",
"Bath","2026-01-05 16:30",,,,,,
"Pump","2026-01-05 15:30",,,"0ml",,,
"Feed","2026-01-05 13:48",,,"Breast Milk","Bottle","80ml",
"Feed","2026-01-05 11:45","2026-01-05 12:10","00:25","00:12R","Breast","00:12L",
"Feed","2026-01-05 10:32",,,"Breast Milk","Bottle","30ml",
"Feed","2026-01-05 10:10",,,"Breast Milk","Bottle","20ml",
"Feed","2026-01-05 09:00",,,"Breast Milk","Bottle","85ml",
"Diaper","2026-01-05 08:55",,"yellow","Loose",,"Both, pee:medium",
"Diaper","2026-01-05 04:08",,"yellow","Loose",,"Poo:large",
"Feed","2026-01-05 03:40",,,"Breast Milk","Bottle","80ml",
"Diaper","2026-01-05 03:21",,"yellow","Solid",,"Both, poo:medium pee:medium",
"Diaper","2026-01-05 01:30",,"brown","Loose",,"Poo:large",
"Feed","2026-01-05 01:10",,,"Breast Milk","Bottle","80ml",
"Diaper","2026-01-05 01:04",,,,,"Both, poo:small pee:medium",
"Sleep","2026-01-04 23:29","2026-01-05 01:00","01:30",,,,
"Feed","2026-01-04 23:10",,,"Breast Milk","Bottle","30ml",
"Feed","2026-01-04 22:20",,,"Breast Milk","Bottle","80ml",
"Feed","2026-01-04 19:45",,,"Breast Milk","Bottle","20ml",
"Feed","2026-01-04 19:31",,,"Breast Milk","Bottle","80ml",
"Diaper","2026-01-04 19:10",,"yellow","Loose",,"Both, pee:medium poo:small",
"Feed","2026-01-04 16:40",,,"Breast Milk","Bottle","30ml",
"Feed","2026-01-04 16:20",,,"Breast Milk","Bottle","80ml",
"Diaper","2026-01-04 16:10",,,,,"Pee:medium",
"Sleep","2026-01-04 14:15","2026-01-04 16:05","01:50",,,,
"Feed","2026-01-04 13:55",,,"Breast Milk","Bottle","80ml",
"Diaper","2026-01-04 13:47",,"yellow","Loose",,"Both, poo:large pee:medium",
"Sleep","2026-01-04 11:15","2026-01-04 13:46","02:31",,,,
"Feed","2026-01-04 10:40",,,"Breast Milk","Bottle","80ml",
"Feed","2026-01-04 08:50",,,"Breast Milk","Bottle","60ml",
"Feed","2026-01-04 08:04","2026-01-04 08:29","00:25","00:12R","Breast","00:12L",
"Sleep","2026-01-04 05:54","2026-01-04 08:00","02:06",,,,
"Feed","2026-01-04 05:37",,,"Breast Milk","Bottle","80ml",
"Diaper","2026-01-04 05:30",,"yellow","Loose",,"Both, poo:large pee:large",
"Diaper","2026-01-04 03:50",,"yellow","Loose",,"Poo:medium",
"Sleep","2026-01-04 03:50","2026-01-04 05:21","01:31",,,,
"Feed","2026-01-04 03:23",,,"Breast Milk","Bottle","80ml",
"Diaper","2026-01-04 03:19",,,,,"Pee:large",
"Diaper","2026-01-04 01:33",,"yellow","Loose",,"Poo:medium",
"Sleep","2026-01-04 01:32","2026-01-04 03:15","01:42",,,,
"Feed","2026-01-04 00:56",,,"Breast Milk","Bottle","30ml",
"Feed","2026-01-04 00:40",,,"Breast Milk","Bottle","80ml",
"Diaper","2026-01-04 00:32",,"yellow","Loose",,"Both, poo:medium pee:medium",
"Diaper","2026-01-03 21:42",,"yellow","Loose",,"Poo:medium",
"Feed","2026-01-03 21:30",,,"Breast Milk","Bottle","80ml",
"Diaper","2026-01-03 21:23",,,,,"Pee:medium",
"Feed","2026-01-03 19:00",,,"Breast Milk","Bottle","30ml",
"Feed","2026-01-03 18:30",,,"Breast Milk","Bottle","75ml",
"Sleep","2026-01-03 17:29","2026-01-03 18:22","00:53",,,,
"Diaper","2026-01-03 16:35",,"yellow","Loose",,"Both, poo:small pee:small",
"Feed","2026-01-03 16:25",,,"Breast Milk","Bottle","80ml",
"Diaper","2026-01-03 16:04",,"yellow","Solid",,"Both, pee:large poo:small",
"Sleep","2026-01-03 13:50","2026-01-03 16:03","02:13",,,,
"Diaper","2026-01-03 13:48",,"yellow","Loose",,"Both, poo:medium pee:medium",
"Feed","2026-01-03 13:33",,,"Breast Milk","Bottle","75ml",
"Sleep","2026-01-03 11:02","2026-01-03 13:21","02:19",,,,
"Feed","2026-01-03 10:51",,,"Breast Milk","Bottle","30ml",
"Feed","2026-01-03 10:12",,,"Breast Milk","Bottle","75ml",
"Diaper","2026-01-03 10:09",,"yellow","Loose",,"Both, pee:medium poo:medium",
"Sleep","2026-01-03 08:00","2026-01-03 10:00","02:00",,,,
"Feed","2026-01-03 07:25",,,"Breast Milk","Bottle","30ml",
"Tummy time","2026-01-03 07:13","2026-01-03 07:18","00:05",,,,
"Diaper","2026-01-03 07:09",,"yellow","Loose",,"Both, pee:medium poo:large",
"Diaper","2026-01-03 06:51",,"yellow","Loose",,"Both, pee:small poo:medium",
"Feed","2026-01-03 06:39",,,"Breast Milk","Bottle","75ml",
"Diaper","2026-01-03 06:28",,,,,"Pee:medium",
"Sleep","2026-01-03 04:20","2026-01-03 06:23","02:02",,,,
"Feed","2026-01-03 03:45",,,"Breast Milk","Bottle","75ml",
"Diaper","2026-01-03 03:30",,"yellow","Loose",,"Both, pee:small poo:small",
"Sleep","2026-01-03 01:03","2026-01-03 03:23","02:19",,,,
"Feed","2026-01-03 00:55",,,"Breast Milk","Bottle","75ml",
"Diaper","2026-01-03 00:49",,,,,"Pee:small",
"Sleep","2026-01-02 22:41","2026-01-03 00:45","02:03",,,,
"Feed","2026-01-02 22:20",,,"Breast Milk","Bottle","75ml",
"Diaper","2026-01-02 22:15",,,,,"Pee:small",
"Diaper","2026-01-02 18:42",,"yellow","Loose",,"Both, poo:medium pee:small",
"Feed","2026-01-02 18:36",,,"Breast Milk","Bottle","88ml",
"Diaper","2026-01-02 18:31",,,,,"Pee:medium",
"Feed","2026-01-02 03:20",,,"Breast Milk","Bottle","10ml",
"Diaper","2026-01-02 03:15",,"yellow","Loose",,"Poo:medium",
"Feed","2026-01-02 03:06",,,"Breast Milk","Bottle","75ml",
"Diaper","2026-01-02 02:54",,,,,"Pee:medium",
"Sleep","2026-01-02 01:20","2026-01-02 02:54","01:34",,,,
"Feed","2026-01-02 00:50",,,"Breast Milk","Bottle","30ml",
"Sleep","2026-01-02 00:18","2026-01-02 00:24","00:05",,,,
"Feed","2026-01-01 23:45",,,"Breast Milk","Bottle","30ml",
"Diaper","2026-01-01 23:39",,"yellow","Loose",,"Poo:medium",
"Diaper","2026-01-01 23:27",,"yellow","Loose",,"Both, poo:medium pee:small",
"Feed","2026-01-01 23:13",,,"Breast Milk","Bottle","77ml",
"Sleep","2026-01-01 21:30","2026-01-01 23:00","01:30",,,,
"Diaper","2026-01-01 21:29",,"yellow","Loose",,"Both, pee:medium poo:medium",
"Feed","2026-01-01 21:20",,,"Breast Milk","Bottle","72ml",
"Sleep","2026-01-01 18:41","2026-01-01 21:00","02:18",,,,
"Feed","2026-01-01 18:23",,,"Breast Milk","Bottle","65ml",
"Diaper","2026-01-01 18:00",,"yellow",,,"Both, pee:medium poo:medium",
"Feed","2026-01-01 15:50",,,"Breast Milk","Bottle","48ml",
"Feed","2026-01-01 15:09","2026-01-01 15:34","00:25","00:11R","Breast","00:14L",
"Diaper","2026-01-01 15:05",,"yellow","Loose",,"Both, pee:small poo:small",
"Sleep","2026-01-01 12:30","2026-01-01 14:58","02:28",,,,
"Feed","2026-01-01 12:13",,,"Breast Milk","Bottle","45ml",
"Pump","2026-01-01 12:10",,,"95ml",,,
"Diaper","2026-01-01 12:03",,,,,"Pee:medium",
"Feed","2026-01-01 11:07",,,"Breast Milk","Bottle","45ml",
"Sleep","2026-01-01 10:30","2026-01-01 11:00","00:30",,,,
"Feed","2026-01-01 10:21","2026-01-01 10:31","00:10","00:10R","Breast",,
"Tummy time","2026-01-01 09:18","2026-01-01 09:20","00:02",,,,
"Diaper","2026-01-01 09:17",,"yellow","Loose",,"Poo:small",
"Diaper","2026-01-01 09:05",,,,,"Pee:large",
"Feed","2026-01-01 08:53",,,"Breast Milk","Bottle","45ml",
"Feed","2026-01-01 08:04","2026-01-01 08:33","00:29","00:12R","Breast","00:17L",
"Pump","2026-01-01 05:22",,,"72ml",,,
"Feed","2026-01-01 05:20",,,"Breast Milk","Bottle","71ml",
"Diaper","2026-01-01 05:15",,"yellow","Loose",,"Poo:medium",
"Pump","2026-01-01 02:30",,,"72ml",,,
"Diaper","2026-01-01 02:10",,"yellow","Loose",,"Both, pee:medium poo:large",
"Feed","2026-01-01 02:10",,,"Breast Milk","Bottle","73ml",
"Pump","2026-01-01 00:23",,,"68ml",,,
"Sleep","2026-01-01 00:15","2026-01-01 02:24","02:09",,,,
"Feed","2026-01-01 00:00",,,"Breast Milk","Bottle","74ml",
"Diaper","2025-12-31 23:48",,,,,"Pee:medium",
"Feed","2025-12-31 20:13",,,"Breast Milk","Bottle","45ml",
"Diaper","2025-12-31 19:19",,"yellow","Loose",,"Both, pee:medium poo:medium",
"Feed","2025-12-31 19:10",,,"Breast Milk","Bottle","46ml",
"Feed","2025-12-31 18:22","2025-12-31 18:57","00:34","00:19R","Breast","00:15L",
"Sleep","2025-12-31 15:58","2025-12-31 18:15","02:17",,,,
"Feed","2025-12-31 15:49",,,"Breast Milk","Bottle","62ml",
"Diaper","2025-12-31 15:44",,,,,"Pee:medium",
"Sleep","2025-12-31 14:50","2025-12-31 15:29","00:39",,,,
"Feed","2025-12-31 14:30",,,"Breast Milk","Bottle","30ml",
"Bath","2025-12-31 14:06","2025-12-31 14:11","00:05",,,,
"Diaper","2025-12-31 14:02",,"yellow","Loose",,"Both, poo:medium pee:small",
"Feed","2025-12-31 13:41",,,"Breast Milk","Bottle","60ml",
"Feed","2025-12-31 13:09","2025-12-31 13:30","00:21","00:07R","Breast","00:13L",
"Sleep","2025-12-31 10:45","2025-12-31 13:00","02:15",,,,
"Feed","2025-12-31 10:05",,,"Breast Milk","Bottle","73ml",
"Tummy time","2025-12-31 09:59","2025-12-31 10:01","00:01",,,,
"Sleep","2025-12-31 08:23","2025-12-31 09:59","01:36",,,,
"Diaper","2025-12-31 08:16",,"yellow","Loose",,"Both, pee:large poo:small",
"Feed","2025-12-31 08:01",,,"Breast Milk","Bottle","40ml",
"Feed","2025-12-31 07:08","2025-12-31 07:44","00:36","00:13R","Breast","00:22L",
"Sleep","2025-12-31 06:00","2025-12-31 07:00","01:00",,,,
"Feed","2025-12-31 05:36",,,"Breast Milk","Bottle","30ml",
"Diaper","2025-12-31 04:38",,"yellow","Loose",,"Poo:medium",
"Feed","2025-12-31 04:37",,,"Breast Milk","Bottle","77ml",
"Diaper","2025-12-31 04:20",,"yellow","Loose",,"Both, poo:small pee:medium",
"Sleep","2025-12-31 02:08","2025-12-31 04:18","02:09",,,,
"Diaper","2025-12-31 02:02",,"yellow","Loose",,"Poo:large",
"Pump","2025-12-31 01:46",,,"72ml",,,
"Feed","2025-12-31 01:30",,,"Breast Milk","Bottle","73ml",
"Diaper","2025-12-31 01:25",,,,,"Pee:medium",
"Sleep","2025-12-30 23:38","2025-12-31 01:20","01:42",,,,
"Pump","2025-12-30 23:33",,,"110ml",,,
"Diaper","2025-12-30 23:30",,"yellow","Loose",,"Poo:small",
"Diaper","2025-12-30 23:08",,,,,"Pee:medium",
"Sleep","2025-12-30 20:50","2025-12-30 23:01","02:11",,,,
"Feed","2025-12-30 20:41",,,"Breast Milk","Bottle","30ml",
"Diaper","2025-12-30 20:20",,,,,"Both, poo:medium pee:medium",
"Feed","2025-12-30 20:05",,,"Breast Milk","Bottle","60ml",
"Feed","2025-12-30 18:05",,,"Breast Milk","Bottle","38ml",
"Sleep","2025-12-30 17:42","2025-12-30 17:50","00:08",,,"Upset",
"Feed","2025-12-30 17:10","2025-12-30 17:27","00:16","00:08R","Breast","00:08L",
"Diaper","2025-12-30 16:51",,"yellow","Loose",,"Both, pee:medium poo:large",
"Feed","2025-12-30 16:40",,,"Breast Milk","Bottle","34ml",
"Diaper","2025-12-30 15:53",,"yellow","Loose",,"Both, poo:medium pee:medium",
"Feed","2025-12-30 15:53","2025-12-30 16:25","00:31","00:17R","Breast","00:14L",
"Sleep","2025-12-30 13:44","2025-12-30 15:47","02:02",,,,
"Feed","2025-12-30 13:30",,,"Breast Milk","Bottle","32ml",
"Feed","2025-12-30 12:42","2025-12-30 13:14","00:31","00:17R","Breast","00:14L",
"Sleep","2025-12-30 10:45","2025-12-30 12:44","01:59",,,,
"Feed","2025-12-30 10:29",,,"Breast Milk","Bottle","20ml",
"Diaper","2025-12-30 09:55",,"yellow","Loose",,"Both, pee:medium poo:medium",
"Feed","2025-12-30 09:47",,,"Breast Milk","Bottle","67ml",
"Sleep","2025-12-30 07:46","2025-12-30 09:33","01:47",,,,
"Feed","2025-12-30 07:40",,,"Breast Milk","Bottle","5ml",
"Diaper","2025-12-30 06:59",,"yellow","Loose",,"Both, poo:small pee:small",
"Feed","2025-12-30 06:53","2025-12-30 07:23","00:30","00:14R","Breast","00:15L",
"Sleep","2025-12-30 04:26","2025-12-30 06:46","02:19",,,,
"Diaper","2025-12-30 04:20",,"yellow","Loose",,"Both, pee:small poo:medium",
"Feed","2025-12-30 03:55",,,"Breast Milk","Bottle","60ml",
"Sleep","2025-12-30 01:48","2025-12-30 03:49","02:01",,,,
"Diaper","2025-12-30 01:30",,,,,"Pee:medium",
"Pump","2025-12-30 01:27",,,"75ml",,,
"Feed","2025-12-30 01:10",,,"Breast Milk","Bottle","63ml",
"Diaper","2025-12-30 01:04",,,,,"Pee:medium",
"Sleep","2025-12-29 22:50","2025-12-30 01:00","02:10",,,,
"Diaper","2025-12-29 22:34",,"yellow","Loose",,"Both, poo:medium pee:medium",
"Pump","2025-12-29 22:26",,,"75ml",,,
"Feed","2025-12-29 22:10",,,"Breast Milk","Bottle","63ml",
"Diaper","2025-12-29 22:02",,"yellow","Loose",,"Both, pee:small poo:medium",
"Sleep","2025-12-29 20:26","2025-12-29 22:00","01:34",,,,"Fussy after transfer to Snoo. "
"Feed","2025-12-29 20:05","2025-12-29 20:26","00:21","00:06R","Breast","00:14L",
"Diaper","2025-12-29 20:02",,,,,"Pee:small",
"Feed","2025-12-29 19:55",,,"Breast Milk","Bottle","33ml",
"Feed","2025-12-29 19:12",,,"Breast Milk","Bottle","10ml",
"Pump","2025-12-29 19:00",,,"63ml",,,
"Feed","2025-12-29 17:42","2025-12-29 18:13","00:31","00:16R","Breast","00:14L",
"Tummy time","2025-12-29 17:35","2025-12-29 17:36","00:01",,,,
"Pump","2025-12-29 15:45",,,"80ml",,,
"Sleep","2025-12-29 15:42","2025-12-29 17:34","01:51",,,,
"Feed","2025-12-29 14:48","2025-12-29 15:13","00:24","00:15R","Breast","00:08L",
"Sleep","2025-12-29 13:56","2025-12-29 14:41","00:45",,,,
"Feed","2025-12-29 12:06","2025-12-29 12:29","00:22","00:10R","Breast","00:12L",
"Diaper","2025-12-29 12:05",,"yellow","Loose",,"Both, pee:medium poo:medium",
"Diaper","2025-12-29 11:04",,"yellow","Loose",,"Both, pee:medium poo:medium",
"Sleep","2025-12-29 08:04","2025-12-29 10:04","02:00",,,,
"Feed","2025-12-29 07:31","2025-12-29 08:00","00:28","00:17R","Breast","00:11L",
"Pump","2025-12-29 07:13",,,"52ml",,,
"Sleep","2025-12-29 06:00","2025-12-29 07:29","01:29",,,,
"Feed","2025-12-29 05:45","2025-12-29 05:58","00:13","00:13R","Breast",,
"Feed","2025-12-29 05:26","2025-12-29 05:37","00:10",,"Breast","00:10L",
"Feed","2025-12-29 04:44","2025-12-29 04:50","00:06","00:06R","Breast",,
"Pump","2025-12-29 04:06",,,"59ml",,,
"Diaper","2025-12-29 04:06",,"yellow","Loose",,"Both, pee:small poo:medium",
"Sleep","2025-12-29 04:06","2025-12-29 04:44","00:37",,,,"Fitful and never quite sleeping"
"Feed","2025-12-29 03:53",,,"Breast Milk","Bottle","33ml",
"Feed","2025-12-29 03:02","2025-12-29 03:31","00:29","00:11R","Breast","00:17L",
"Pump","2025-12-29 00:57",,,"47ml",,,
"Sleep","2025-12-29 00:52","2025-12-29 02:56","02:04",,,,
"Feed","2025-12-29 00:46",,,"Breast Milk","Bottle","32ml",
"Feed","2025-12-29 00:02","2025-12-29 00:32","00:30","00:17R","Breast","00:12L",
"Diaper","2025-12-29 00:01",,,,,"Pee:small",
"Sleep","2025-12-28 21:51","2025-12-29 00:02","02:11",,,,
"Feed","2025-12-28 21:40",,,"Breast Milk","Bottle","32ml",
"Feed","2025-12-28 21:04","2025-12-28 21:34","00:29","00:09R","Breast","00:20L",
"Feed","2025-12-28 19:27","2025-12-28 19:49","00:21","00:12R","Breast","00:09L",
"Pump","2025-12-28 19:14",,,"49ml",,,
"Sleep","2025-12-28 19:09","2025-12-28 19:25","00:15","Upset",,"Upset",
"Feed","2025-12-28 18:49",,,"Breast Milk","Bottle","38ml",
"Diaper","2025-12-28 17:59",,,,,"Pee:medium",
"Diaper","2025-12-28 17:59",,"yellow","Loose",,"Poo:large",
"Feed","2025-12-28 17:58","2025-12-28 18:34","00:35","00:14R","Breast","00:20L",
"Tummy time","2025-12-28 17:53","2025-12-28 17:54","00:01",,,,
"Sleep","2025-12-28 16:00","2025-12-28 17:51","01:51",,,,
"Feed","2025-12-28 15:52",,,"Breast Milk","Bottle","34ml",
"Pump","2025-12-28 15:36",,,"39ml",,,
"Diaper","2025-12-28 15:09",,"yellow","Loose",,"Both, pee:small poo:medium",
"Feed","2025-12-28 15:09","2025-12-28 15:40","00:31","00:19R","Breast","00:12L",
"Tummy time","2025-12-28 15:02","2025-12-28 15:04","00:02",,,,
"Pump","2025-12-28 13:05",,,"39ml",,,
"Sleep","2025-12-28 13:04","2025-12-28 15:00","01:55",,,,
"Feed","2025-12-28 13:02",,,"Breast Milk","Bottle","33ml",
"Feed","2025-12-28 12:18","2025-12-28 12:49","00:31","00:13R","Breast","00:17L",
"Diaper","2025-12-28 12:14",,,,,"Pee:small",
"Pump","2025-12-28 10:24",,,"39ml",,,
"Sleep","2025-12-28 10:24","2025-12-28 12:11","01:47",,,,
"Tummy time","2025-12-28 10:13","2025-12-28 10:16","00:03",,,,
"Feed","2025-12-28 10:08",,,"Breast Milk","Bottle","34ml",
"Temp","2025-12-28 09:49",,,"98.8°F",,,
"Diaper","2025-12-28 09:47",,"yellow","Loose",,"Both, poo:medium pee:medium",
"Feed","2025-12-28 09:21","2025-12-28 09:55","00:33","00:18R","Breast","00:15L",
"Sleep","2025-12-28 07:15","2025-12-28 09:15","02:00",,,,
"Feed","2025-12-28 07:05",,,"Breast Milk","Bottle","33ml",
"Diaper","2025-12-28 07:00",,,,,"Pee:medium",
"Feed","2025-12-28 06:21","2025-12-28 06:55","00:33","00:14R","Breast","00:19L",
"Diaper","2025-12-28 06:15",,"yellow","Loose",,"Both, pee:small poo:medium",
"Diaper","2025-12-28 04:05",,"yellow","Loose",,"Both, poo:medium pee:small",
"Feed","2025-12-28 04:00",,,"Breast Milk","Bottle","33ml",
"Feed","2025-12-28 03:16","2025-12-28 03:49","00:32","00:18R","Breast","00:14L",
"Diaper","2025-12-28 03:13",,"yellow","Loose",,"Both, pee:small poo:medium",
"Sleep","2025-12-28 01:05","2025-12-28 03:14","02:09",,,,
"Feed","2025-12-28 01:00",,,"Breast Milk","Bottle","33ml",
"Feed","2025-12-28 00:08","2025-12-28 00:41","00:33","00:15R","Breast","00:17L",
"Sleep","2025-12-27 22:37","2025-12-28 00:03","01:26",,,,
"Feed","2025-12-27 22:22",,,"Breast Milk","Bottle","33ml",
"Diaper","2025-12-27 21:26",,,,,"Pee:medium",
"Feed","2025-12-27 21:26","2025-12-27 21:57","00:30","00:19R","Breast","00:11L",
"Sleep","2025-12-27 19:23","2025-12-27 21:21","01:57",,,,
"Diaper","2025-12-27 19:21",,"yellow","Loose",,"Both, poo:medium pee:small",
"Feed","2025-12-27 19:14",,,"Breast Milk","Bottle","33ml",
"Feed","2025-12-27 18:30","2025-12-27 19:03","00:32","00:15R","Breast","00:17L",
"Sleep","2025-12-27 16:20","2025-12-27 18:20","01:59",,,,
"Feed","2025-12-27 16:12",,,"Breast Milk","Bottle","32ml",
"Feed","2025-12-27 15:26","2025-12-27 16:01","00:35","00:17R","Breast","00:17L",
"Sleep","2025-12-27 14:49","2025-12-27 15:16","00:27",,,,
"Feed","2025-12-27 14:18",,,"Breast Milk","Bottle","26ml",
"Diaper","2025-12-27 13:31",,"yellow","Solid",,"Both, poo:medium pee:medium",
"Feed","2025-12-27 13:30","2025-12-27 14:05","00:34","00:14R","Breast","00:19L",
"Sleep","2025-12-27 11:30","2025-12-27 13:31","02:00",,,,
"Feed","2025-12-27 11:23",,,"Breast Milk","Bottle","29ml",
"Temp","2025-12-27 10:39",,,"98.3°F",,,
"Feed","2025-12-27 10:37","2025-12-27 11:09","00:32","00:18R","Breast","00:13L",
"Tummy time","2025-12-27 10:32","2025-12-27 10:34","00:02",,,,
"Diaper","2025-12-27 10:32",,,,,"Pee:medium",
"Sleep","2025-12-27 08:33","2025-12-27 10:32","01:58",,,,
"Feed","2025-12-27 08:10",,,"Breast Milk","Bottle","28ml",
"Diaper","2025-12-27 07:39",,"yellow","Solid",,"Both, poo:medium pee:medium",
"Feed","2025-12-27 07:37","2025-12-27 08:08","00:31","00:12R","Breast","00:18L",
"Diaper","2025-12-27 05:43",,"yellow",,,"Both, poo:medium pee:medium",
"Feed","2025-12-27 05:14",,,"Breast Milk","Bottle","28ml",
"Feed","2025-12-27 04:20","2025-12-27 04:49","00:29","00:17R","Breast","00:11L",
"Feed","2025-12-27 02:10",,,"Breast Milk","Bottle","27ml",
"Diaper","2025-12-27 01:35",,"yellow","Solid",,"Both, pee:medium poo:medium",
"Feed","2025-12-27 01:26","2025-12-27 01:55","00:28","00:12R","Breast","00:16L",
"Feed","2025-12-26 23:00",,,"Breast Milk","Bottle","26ml",
"Feed","2025-12-26 22:16","2025-12-26 22:45","00:29","00:17R","Breast","00:11L",
"Diaper","2025-12-26 22:12",,"yellow","Solid",,"Both, poo:medium pee:medium",
"Feed","2025-12-26 20:45",,,"Breast Milk","Bottle","23ml",
"Feed","2025-12-26 20:08","2025-12-26 20:38","00:29","00:12R","Breast","00:17L",
"Tummy time","2025-12-26 20:05","2025-12-26 20:07","00:01",,,,
"Sleep","2025-12-26 18:12","2025-12-26 20:05","01:53",,,,
"Diaper","2025-12-26 17:56",,"yellow","Solid",,"Poo","Mustard"
"Feed","2025-12-26 17:50",,,"Breast Milk","Bottle","25ml","4.5 min"
"Feed","2025-12-26 17:08","2025-12-26 17:37","00:28","00:15R","Breast","00:12L",
"Diaper","2025-12-26 17:05",,,,,"Pee:medium",
"Tummy time","2025-12-26 17:03","2025-12-26 17:05","00:02",,,,
"Sleep","2025-12-26 15:48","2025-12-26 17:02","01:13",,,,
"Diaper","2025-12-26 15:42",,"yellow","Solid",,"Poo:medium","Mustard"
"Feed","2025-12-26 15:30",,,"Breast Milk","Bottle","30ml",
"Feed","2025-12-26 14:38","2025-12-26 15:04","00:25","00:11R","Breast","00:14L",
"Sleep","2025-12-26 12:24","2025-12-26 14:38","02:14",,,,
"Feed","2025-12-26 11:47","2025-12-26 12:15","00:27","00:16R","Breast","00:10L",
"Diaper","2025-12-26 10:46",,"yellow","Solid",,"Poo:medium","Mustard"
"Diaper","2025-12-26 10:34",,,,,"Pee:medium",
"Feed","2025-12-26 09:03","2025-12-26 09:29","00:25","00:14R","Breast","00:10L",
"Tummy time","2025-12-26 09:01","2025-12-26 09:03","00:02",,,,
"Sleep","2025-12-26 07:21","2025-12-26 08:58","01:37",,,,
"Diaper","2025-12-26 07:18",,"yellow","Solid",,"Both, pee:medium poo:small","Mustard"
"Feed","2025-12-26 07:12",,,"Breast Milk","Bottle","14ml",
"Feed","2025-12-26 06:31","2025-12-26 07:01","00:30","00:17R","Breast","00:13L",
"Sleep","2025-12-26 05:30","2025-12-26 06:25","00:55",,,,
"Diaper","2025-12-26 04:43",,"green","Solid",,"Poo:medium","Mustard. Possibly peed during his previous nap but diaper was dry. "
"Feed","2025-12-26 04:29",,,"Breast Milk","Bottle","30ml",
"Feed","2025-12-26 03:41","2025-12-26 04:09","00:27","00:13R","Breast","00:14L",
"Sleep","2025-12-26 01:29","2025-12-26 04:30","03:00",,,,
"Feed","2025-12-26 01:20",,,"Breast Milk","Bottle","31ml",
"Feed","2025-12-26 00:59","2025-12-26 01:12","00:12",,"Breast","00:12L",
"Diaper","2025-12-26 00:41",,,,,"Pee:medium",
"Feed","2025-12-26 00:41","2025-12-26 00:56","00:15","00:15R","Breast",,
"Sleep","2025-12-25 23:02","2025-12-26 00:37","01:35",,,,
"Feed","2025-12-25 22:50",,,"Breast Milk","Bottle","27ml",
"Diaper","2025-12-25 22:44",,"green","Solid",,"Poo:medium",
"Feed","2025-12-25 22:17","2025-12-25 22:26","00:08",,"Breast","00:08L",
"Feed","2025-12-25 22:06","2025-12-25 22:17","00:10","00:10R","Breast",,
"Diaper","2025-12-25 21:48",,,,,"Pee:small",
"Feed","2025-12-25 21:43","2025-12-25 22:04","00:20",,"Breast","00:20L",
"Sleep","2025-12-25 20:27","2025-12-25 21:45","01:17",,,,
"Feed","2025-12-25 20:05",,,"Breast Milk","Bottle","12ml",
"Diaper","2025-12-25 19:32",,"green",,,"Both, poo:small pee:medium","Small green poop. Peed when I opened the diaper. "
"Feed","2025-12-25 19:32","2025-12-25 20:02","00:30","00:11R","Breast","00:18L",
"Sleep","2025-12-25 17:26","2025-12-25 19:32","02:05",,,,
"Feed","2025-12-25 17:15",,,"Breast Milk","Bottle","17ml",
"Feed","2025-12-25 16:26","2025-12-25 17:01","00:35","00:20R","Breast","00:15L",
"Feed","2025-12-25 13:36","2025-12-25 14:25","00:49","00:34R","Breast","00:15L","Not feeding well. Lots of head shaking at latching. "
"Feed","2025-12-25 12:31",,,"Breast Milk","Bottle","15ml",
"Diaper","2025-12-25 12:23",,"yellow","Solid",,"Poo:medium","Mustard"
"Feed","2025-12-25 11:56","2025-12-25 12:23","00:27","00:15R","Breast","00:12L",
"Diaper","2025-12-25 11:55",,,,,"Pee:medium",
"Sleep","2025-12-25 10:06","2025-12-25 12:05","01:59",,,,
"Feed","2025-12-25 09:54",,,"Breast Milk","Bottle","11ml",
"Feed","2025-12-25 09:12","2025-12-25 09:41","00:29","00:12R","Breast","00:17L",
"Sleep","2025-12-25 06:57","2025-12-25 09:07","02:10",,,,
"Diaper","2025-12-25 06:53",,,,,"Pee:small",
"Feed","2025-12-25 06:45",,,"Breast Milk","Bottle","13ml",
"Feed","2025-12-25 06:10","2025-12-25 06:39","00:28","00:16R","Breast","00:12L",
"Diaper","2025-12-25 04:52",,,,,"Pee:small",
"Sleep","2025-12-25 04:52","2025-12-25 06:06","01:14",,,,
"Feed","2025-12-25 04:30","2025-12-25 04:40","00:10",,"Breast","00:10L",
"Feed","2025-12-25 04:23",,,"Breast Milk","Bottle","14ml",
"Feed","2025-12-25 03:50",,,"Breast Milk","Bottle","10ml",
"Diaper","2025-12-25 03:36",,"green","Solid",,"Poo:medium",
"Feed","2025-12-25 03:10","2025-12-25 03:34","00:24","00:10R","Breast","00:14L",
"Sleep","2025-12-25 01:40","2025-12-25 03:10","01:30",,,,
"Feed","2025-12-25 01:30",,,"Breast Milk","Bottle","15ml",
"Feed","2025-12-25 00:50","2025-12-25 01:15","00:25","00:14R","Breast","00:10L",
"Sleep","2025-12-24 22:46","2025-12-25 00:48","02:02",,,,
"Feed","2025-12-24 22:32",,,"Breast Milk","Bottle","10ml",
"Feed","2025-12-24 21:54","2025-12-24 22:24","00:30","00:12R","Breast","00:18L",
"Diaper","2025-12-24 21:53",,,,,"Pee:small",
"Sleep","2025-12-24 20:30","2025-12-24 21:45","01:15",,,,
"Diaper","2025-12-24 19:55",,"green","Solid",,"Poo:medium",
"Feed","2025-12-24 19:50",,,"Breast Milk","Bottle","20ml",
"Feed","2025-12-24 19:04","2025-12-24 19:34","00:29","00:15R","Breast","00:14L",
"Diaper","2025-12-24 19:01",,,,,"Pee:medium",
"Feed","2025-12-24 16:50",,,"Breast Milk","Bottle","28ml",
"Sleep","2025-12-24 16:50","2025-12-24 19:00","02:09",,"Worn or held",,
"Feed","2025-12-24 16:02","2025-12-24 16:30","00:28","00:11R","Breast","00:17L",
"Diaper","2025-12-24 16:00",,,,,"Pee:medium",
"Sleep","2025-12-24 14:35","2025-12-24 15:55","01:20",,,,
"Feed","2025-12-24 13:35",,,"Breast Milk","Bottle","14ml",
"Feed","2025-12-24 13:00","2025-12-24 13:28","00:28","00:12R","Breast","00:15L",
"Sleep","2025-12-24 10:41","2025-12-24 12:55","02:14",,,,
"Feed","2025-12-24 10:20","2025-12-24 10:43","00:23","00:12R","Breast","00:10L",
"Diaper","2025-12-24 10:10",,"green","Solid",,"Both, poo:medium pee:small",
"Diaper","2025-12-24 09:50",,,,,"Pee:medium",
"Sleep","2025-12-24 08:10","2025-12-24 09:50","01:40",,,,
"Feed","2025-12-24 08:00",,,"Breast Milk","Bottle","12ml",
"Feed","2025-12-24 07:33","2025-12-24 07:56","00:22","00:12R","Breast","00:10L",
"Feed","2025-12-24 06:00",,,"Breast Milk","Bottle","14ml",
"Sleep","2025-12-24 06:00","2025-12-24 07:30","01:30",,,,
"Diaper","2025-12-24 05:46",,"green","Solid",,"Poo:medium",
"Diaper","2025-12-24 05:11",,,,,"Pee:small",
"Feed","2025-12-24 05:07","2025-12-24 05:35","00:27","00:14R","Breast","00:12L",
"Sleep","2025-12-24 03:15","2025-12-24 05:02","01:47",,,,
"Feed","2025-12-24 03:00",,,"Breast Milk","Bottle","22ml",
"Feed","2025-12-24 02:12","2025-12-24 02:35","00:23","00:15R","Breast","00:08L","Fell asleep"
"Sleep","2025-12-24 01:06","2025-12-24 02:06","01:00",,,,
"Diaper","2025-12-24 00:30",,,,,"Pee:medium",
"Feed","2025-12-24 00:15",,,"Breast Milk","Bottle","13ml",
"Feed","2025-12-23 23:20","2025-12-23 23:50","00:29","00:14R","Breast","00:15L",
"Diaper","2025-12-23 22:05",,"green","Solid",,"Both, poo:large pee:medium",
"Feed","2025-12-23 21:30",,,"Breast Milk","Bottle","13ml",
"Feed","2025-12-23 20:25","2025-12-23 20:55","00:30","00:15R","Breast","00:15L",
"Feed","2025-12-23 18:26",,,"Breast Milk","Bottle","20ml","SS 0 month nipple from pigeon"
"Sleep","2025-12-23 18:26","2025-12-23 20:26","02:00",,,,
"Feed","2025-12-23 17:51","2025-12-23 18:19","00:28","00:15R","Breast","00:13L",
"Sleep","2025-12-23 14:56","2025-12-23 17:42","02:46",,,,
"Feed","2025-12-23 14:35","2025-12-23 14:55","00:20","00:10R","Breast","00:10L",
"Diaper","2025-12-23 13:15",,"green","Solid",,"Both, pee:medium poo:medium","Orange brown pee spot. Green pesto like poop. "
"Feed","2025-12-23 12:55","2025-12-23 13:07","00:12","00:07R","Breast","00:05L",
"Sleep","2025-12-23 12:10","2025-12-23 12:47","00:36",,,,
"Feed","2025-12-23 11:23","2025-12-23 11:53","00:30","00:15R","Breast","00:14L",
"Sleep","2025-12-23 10:10","2025-12-23 11:04","00:54",,,,
"Feed","2025-12-23 09:30","2025-12-23 09:50","00:20","00:10R","Breast","00:10L",
"Sleep","2025-12-23 08:08","2025-12-23 09:30","01:22",,,,
"Feed","2025-12-23 07:17","2025-12-23 08:02","00:45","00:22R","Breast","00:22L",
"Diaper","2025-12-23 07:16",,"black","Solid",,"Both, pee:medium poo:medium","Muconium"
"Feed","2025-12-23 06:47","2025-12-23 07:16","00:28",,"Breast","00:28L",
"Sleep","2025-12-23 04:40","2025-12-23 06:33","01:52",,,,
"Feed","2025-12-23 03:40","2025-12-23 04:16","00:36","00:09R","Breast","00:26L","Supplemented with ~1 oz pumped breast milk. "
"Sleep","2025-12-23 02:55","2025-12-23 03:33","00:38",,,,
"Feed","2025-12-23 02:03","2025-12-23 02:54","00:50","00:25R","Breast","00:24L",
"Diaper","2025-12-23 00:36",,,,,"Pee:medium","Reddish color stains"
"Feed","2025-12-23 00:36","2025-12-23 01:32","00:56","00:28R","Breast","00:28L",
"Sleep","2025-12-22 23:54","2025-12-23 00:36","00:42",,,,
"Feed","2025-12-22 22:30","2025-12-22 23:30","01:00","00:30R","Breast","00:30L",
"Sleep","2025-12-22 19:45","2025-12-22 22:20","02:35",,,,
"Feed","2025-12-22 19:19","2025-12-22 19:45","00:26","00:12R","Breast","00:13L",
"Sleep","2025-12-22 18:18","2025-12-22 18:48","00:30",,,,
"Diaper","2025-12-22 18:13",,"black","Solid",,"Poo:medium","Muconium "
"Feed","2025-12-22 18:00","2025-12-22 18:15","00:15","00:07R","Breast","00:07L","Supplemented with ~1.5-2 mL of cholostrum pumped from each breast. "
"Feed","2025-12-22 16:29","2025-12-22 16:59","00:30","00:25R","Breast","00:04L",
"Sleep","2025-12-22 14:15","2025-12-22 16:20","02:05",,,,
"Feed","2025-12-22 13:29","2025-12-22 14:14","00:45","00:14R","Breast","00:30L",
"Sleep","2025-12-22 11:39","2025-12-22 12:54","01:14",,,,
"Feed","2025-12-22 10:08","2025-12-22 10:57","00:49","00:25R","Breast","00:23L",
"Tummy time","2025-12-22 09:59","2025-12-22 10:01","00:02",,,,
"Diaper","2025-12-22 09:50",,"black","Solid",,"Poo:small","Very tiny, slightly dry poop"
"Sleep","2025-12-22 07:45","2025-12-22 09:45","02:00",,,,
"Feed","2025-12-22 07:30","2025-12-22 07:40","00:10","00:05R","Breast","00:05L",
"Sleep","2025-12-22 05:50","2025-12-22 07:21","01:31",,,,
"Feed","2025-12-22 04:29","2025-12-22 05:29","01:00","00:30R","Breast","00:29L",
"Sleep","2025-12-22 03:45","2025-12-22 04:25","00:40",,,,
"Feed","2025-12-22 02:16","2025-12-22 03:11","00:55","00:26R","Breast","00:28L",
"Diaper","2025-12-22 02:14",,"black","Solid",,"Both, pee:medium","Meconium and orange powder dust pee. "
"Sleep","2025-12-22 01:00","2025-12-22 02:16","01:15",,,,
"Feed","2025-12-22 00:45","2025-12-22 00:48","00:02",,"Breast","00:02L",
"Feed","2025-12-21 23:15","2025-12-22 00:31","01:15","00:44R","Breast","00:31L",
"Feed","2025-12-21 21:45","2025-12-21 22:45","01:00","00:30R","Breast","00:30L",
"Feed","2025-12-21 19:18","2025-12-21 19:42","00:24","00:12R","Breast","00:12L","Falling asleep. "
"Diaper","2025-12-21 18:26",,"black","Solid",,"Poo:small","Muconium. Added diaper cream (and for previous home poops)"
"Sleep","2025-12-21 17:15","2025-12-21 18:26","01:11",,,,
"Feed","2025-12-21 16:15","2025-12-21 17:15","01:00","00:30R","Breast","00:30L",
"Sleep","2025-12-21 14:14","2025-12-21 16:14","02:00",,,,
"Feed","2025-12-21 13:18","2025-12-21 13:48","00:30",,"Breast","00:30L",
"Feed","2025-12-21 11:00","2025-12-21 12:00","01:00","00:30R","Breast","00:30L",
"Tummy time","2025-12-21 10:53","2025-12-21 10:55","00:02",,,,
"Sleep","2025-12-21 09:00","2025-12-21 10:45","01:45",,,,
"Diaper","2025-12-21 05:30",,,,,"Pee:medium",
"Diaper","2025-12-21 01:04",,"black","Solid",,"Poo:small","Meconium"
"Feed","2025-12-21 00:31","2025-12-21 01:31","01:00","00:29R","Breast","00:30L",
"Feed","2025-12-21 00:11","2025-12-21 00:25","00:13","00:07R","Breast","00:06L",
"Feed","2025-12-20 23:05","2025-12-20 23:51","00:46","00:36R","Breast","00:10L",
"Diaper","2025-12-20 19:44",,"black","Solid",,"Both, poo:small pee:small","Meconium "
"Feed","2025-12-20 18:39","2025-12-20 19:34","00:55","00:24R","Breast","00:30L",
"Tummy time","2025-12-20 18:31","2025-12-20 18:33","00:02",,,,
"Feed","2025-12-20 15:27","2025-12-20 15:41","00:14","00:04R","Breast","00:09L",
"Feed","2025-12-20 13:02","2025-12-20 13:08","00:05","00:05R","Breast",,
"Feed","2025-12-20 12:27","2025-12-20 12:42","00:15","00:07R","Breast","00:07L",
"Feed","2025-12-20 11:10","2025-12-20 11:30","00:20","00:10R","Breast","00:10L",
"Feed","2025-12-20 08:38","2025-12-20 08:45","00:07",,"Breast","00:07L",
"Feed","2025-12-20 07:18","2025-12-20 07:30","00:12","00:03R","Breast","00:09L",
"Feed","2025-12-20 06:46","2025-12-20 07:03","00:17","00:09R","Breast","00:08L",
"Feed","2025-12-20 03:48","2025-12-20 04:08","00:20","00:07R","Breast","00:12L",
"Feed","2025-12-20 01:04","2025-12-20 01:22","00:17","00:05R","Breast","00:12L",
"Diaper","2025-12-20 00:50",,"black","Solid",,"Poo:medium","Muconeum"
"Feed","2025-12-19 21:45","2025-12-19 22:05","00:20","00:09R","Breast","00:11L",
"Diaper","2025-12-19 21:30",,"black","Solid",,"Poo:medium","Muconeum"
"Feed","2025-12-19 18:27","2025-12-19 18:55","00:28","00:12R","Breast","00:15L",
"Diaper","2025-12-19 18:15",,"black","Solid",,"Poo:medium","Muconeum "
"Feed","2025-12-19 16:18","2025-12-19 16:31","00:13","00:03R","Breast","00:10L","Some drops expressed but did not latch and suckle. "
"Feed","2025-12-19 15:34","2025-12-19 15:39","00:05","00:01R","Breast","00:04L","Milked some drops and put it into his mouth. Did not open his mouth for latching. "
"Feed","2025-12-19 12:20","2025-12-19 12:37","00:17","00:12R","Breast","00:05L","Actual time on left unknown but less than 5 min. \nBetter feeding on right boob. "